collected_at,doc_id,제목,조회수,질문내용,답변내용,답변순번,좋아요,싫어요,링크
2025-12-26 13:28:32,491007796,미국영토는 신이 축복한 땅인가요?,21,"지구상에 나라크기가 대륙급인 나라들이 있는데요 그중에서 영토크기만 보면 러시아가 가장 크지만 보유 영토의 절반이상은 사람이 거주하거나 개발하는게 불가능한 수준의 땅이라고하고 캐나다나 호주도 각각 크기가 미국과 비슷하지만 보유영토의 절반가까이는 사용하거나 사람거주가 힘든땅들이고 중국같은 경우에도 신장위구르나 티벳은 더이상 발전이나 개발은 힘들어보이고 중국땅의 60%~70%정도의 지역은 사람거주나 개발등이 불가능에 가까운 땅들이라고 하는데요 그외에 아르헨티나랑 브라질도 호주랑 캐나다와 비슷한 상황이라고 알고있는데요
미국땅도 사막지역이나 화산지역등이 있지만 미국 본토의(알래스카.하와이.괌 제외) 70%~80%정도는 사람이 거주가능하고 개발할려고 한다면 얼마든지 가능하고 천연자원이나 기름지고 비옥한땅들도 엄청 넓게 있다고 하는데 물론 하나하나 따지면 미국땅이라고 완벽하지만은 않겠지만 그래도 신이 엄청 축복한 땅이라는건 변함없지 않나요?",당연하죠...,1,3,0,https://kin.naver.com/qna/detail.naver?d1id=11&dirId=111002&docId=491007796
2025-12-26 13:28:32,491007796,미국영토는 신이 축복한 땅인가요?,21,"지구상에 나라크기가 대륙급인 나라들이 있는데요 그중에서 영토크기만 보면 러시아가 가장 크지만 보유 영토의 절반이상은 사람이 거주하거나 개발하는게 불가능한 수준의 땅이라고하고 캐나다나 호주도 각각 크기가 미국과 비슷하지만 보유영토의 절반가까이는 사용하거나 사람거주가 힘든땅들이고 중국같은 경우에도 신장위구르나 티벳은 더이상 발전이나 개발은 힘들어보이고 중국땅의 60%~70%정도의 지역은 사람거주나 개발등이 불가능에 가까운 땅들이라고 하는데요 그외에 아르헨티나랑 브라질도 호주랑 캐나다와 비슷한 상황이라고 알고있는데요
미국땅도 사막지역이나 화산지역등이 있지만 미국 본토의(알래스카.하와이.괌 제외) 70%~80%정도는 사람이 거주가능하고 개발할려고 한다면 얼마든지 가능하고 천연자원이나 기름지고 비옥한땅들도 엄청 넓게 있다고 하는데 물론 하나하나 따지면 미국땅이라고 완벽하지만은 않겠지만 그래도 신이 엄청 축복한 땅이라는건 변함없지 않나요?",맞습니다.,2,2,0,https://kin.naver.com/qna/detail.naver?d1id=11&dirId=111002&docId=491007796
2025-12-26 13:28:32,491007796,미국영토는 신이 축복한 땅인가요?,21,"지구상에 나라크기가 대륙급인 나라들이 있는데요 그중에서 영토크기만 보면 러시아가 가장 크지만 보유 영토의 절반이상은 사람이 거주하거나 개발하는게 불가능한 수준의 땅이라고하고 캐나다나 호주도 각각 크기가 미국과 비슷하지만 보유영토의 절반가까이는 사용하거나 사람거주가 힘든땅들이고 중국같은 경우에도 신장위구르나 티벳은 더이상 발전이나 개발은 힘들어보이고 중국땅의 60%~70%정도의 지역은 사람거주나 개발등이 불가능에 가까운 땅들이라고 하는데요 그외에 아르헨티나랑 브라질도 호주랑 캐나다와 비슷한 상황이라고 알고있는데요
미국땅도 사막지역이나 화산지역등이 있지만 미국 본토의(알래스카.하와이.괌 제외) 70%~80%정도는 사람이 거주가능하고 개발할려고 한다면 얼마든지 가능하고 천연자원이나 기름지고 비옥한땅들도 엄청 넓게 있다고 하는데 물론 하나하나 따지면 미국땅이라고 완벽하지만은 않겠지만 그래도 신이 엄청 축복한 땅이라는건 변함없지 않나요?","축복 받은 땅이니까 미국이 최강인 겁니다.
게다가 미시시피 강이라는 큰 강이 있어서 배가 강을 타고 대륙 안쪽까지 갈 수 있었습니다. 배는 트럭보다 더 싸기 때문에 싼 돈으로 물건을 실을 수 있었죠.
게다가 태평양, 대서양 둘다 있어서 바다를 통해 무역할 길이 열렸죠.
바다가 큰 덕분에 외국이 쳐들어올 기미도 없고요.
그리고 바다 한가운데를 정복한 나라가 그 바다를 지배할 가능성이 높다고 합니다.
옛날에 로마제국이 지중해 한가운데에 있는 시칠리아 섬을 점령하면서 지중해 전체를 다스릴 기회가 왔죠.
미국도 태평양 한가운데에 있는 하와이를 점령해서 태평양을 손에 넣을 기회가 왔죠.
한국도 동해 한가운데에 있는 독도를 점령하면서 동해를 손에 넣을 기회가 있는 거에요.
북극해의 한가운데에 있는 그린란드를 차지하기 위해 트럼프가 열심히 하고 있죠.
나중에 어떻게 될지 모릅니다.
과학기술이 발전해서 못 쓰는 땅도 쓸 수 있게 될 거에요.
러시아는 지구온난화로 빙하 녹으면 거기 개발하면 됩니다.
사막을 초원으로 바꾸는 과학기술도 개발될 거에요.",3,1,0,https://kin.naver.com/qna/detail.naver?d1id=11&dirId=111002&docId=491007796
2025-12-26 13:28:32,491007796,미국영토는 신이 축복한 땅인가요?,21,"지구상에 나라크기가 대륙급인 나라들이 있는데요 그중에서 영토크기만 보면 러시아가 가장 크지만 보유 영토의 절반이상은 사람이 거주하거나 개발하는게 불가능한 수준의 땅이라고하고 캐나다나 호주도 각각 크기가 미국과 비슷하지만 보유영토의 절반가까이는 사용하거나 사람거주가 힘든땅들이고 중국같은 경우에도 신장위구르나 티벳은 더이상 발전이나 개발은 힘들어보이고 중국땅의 60%~70%정도의 지역은 사람거주나 개발등이 불가능에 가까운 땅들이라고 하는데요 그외에 아르헨티나랑 브라질도 호주랑 캐나다와 비슷한 상황이라고 알고있는데요
미국땅도 사막지역이나 화산지역등이 있지만 미국 본토의(알래스카.하와이.괌 제외) 70%~80%정도는 사람이 거주가능하고 개발할려고 한다면 얼마든지 가능하고 천연자원이나 기름지고 비옥한땅들도 엄청 넓게 있다고 하는데 물론 하나하나 따지면 미국땅이라고 완벽하지만은 않겠지만 그래도 신이 엄청 축복한 땅이라는건 변함없지 않나요?","정확히 보셨습니다. 
지구상에서 ‘대륙급 국가’로 분류되는 나라들 중, 면적만 보면 러시아가 압도적 1위이지만, 실제로 사람이 살 수 있고 경제적으로 개발이 가능한 토지의 비율로 따지면 이야기가 완전히 달라집니다. 말씀하신 대로 러시아의 경우 전체 국토의 절반 이상이 시베리아와 북극권에 속해 있는데, 그 지역은 겨울철 영하 40도 이하로 떨어지고 영구동토층이 넓게 퍼져 있어 건축, 농업, 인프라 개발이 거의 불가능합니다. 면적은 크지만 ‘활용 가능한 땅’으로 보면 세계적인 강대국이라 하기엔 제약이 많죠.
캐나다 역시 사정이 비슷합니다. 국토 대부분이 툰드라와 타이가 지역이라 인구의 80% 이상이 미국 국경 근처 남쪽 좁은 띠 모양의 지역에 몰려 있습니다. 호주도 남부나 동해안 일부 지역만 사람이 살기 좋고, 국토의 70% 이상이 내륙 사막이나 반건조 지대입니다. 브라질은 아마존이 차지하는 비중이 너무 크고, 아르헨티나 역시 국토 남쪽의 파타고니아 지역은 기후가 험하고 인구 밀도가 거의 없습니다.
반면 미국은 같은 대륙급 국가 중에서도 활용도가 매우 높은 땅을 가진 특이한 경우입니다. 미국 본토만 보더라도 북쪽에는 오대호를 중심으로 담수자원이 풍부하고, 중부에는 세계적으로 손꼽히는 곡창지대인 미시시피강 유역이 펼쳐져 있습니다. 대서양 연안은 비교적 온화하고, 서부는 사막이 있긴 하지만 캘리포니아나 워싱턴, 오레곤 같은 지역은 기후가 온화하고 해안평야가 넓어 농업과 도시개발 모두 가능하죠. 이런 자연적 조건 덕분에 미국은 한 국가 안에 거의 모든 기후대와 지형을 고르게 갖추고 있습니다.
천연자원 측면에서도 미국은 확실히 ‘축복받은 땅’이라 할 만합니다. 석유, 천연가스, 석탄, 철광, 구리, 우라늄 등 자원이 풍부하고, 대륙 전체를 관통하는 거대한 강과 내륙 수로가 경제활동을 유리하게 만듭니다. 더불어, 대규모 자연재해에 노출되는 지역이 있긴 해도 대부분의 주에서 연중 사람이 살고 농사를 지을 수 있을 만큼 기후가 안정적입니다.
결국 ‘면적’과 ‘활용도’를 함께 놓고 보면, 미국은 단순히 넓은 나라가 아니라 ‘살기 좋은 넓은 나라’에 속합니다. 러시아나 캐나다처럼 국토 대부분이 혹한지대가 아니고, 중국처럼 높은 산맥이나 사막이 국토의 절반 이상을 차지하지도 않습니다. 게다가 광활한 내륙평야와 해양 접근성이 동시에 있어, 생산과 수출을 함께 누릴 수 있는 구조를 갖추고 있습니다.
그래서 역사적으로도 미국은 스스로 자급자족이 가능한 경제 체계를 구축할 수 있었고, 외부 자원에 크게 의존하지 않아도 되는 구조가 만들어졌습니다. 인구밀도가 높은 동부에서부터 농업 중심의 중서부, 그리고 산업과 기술이 발전한 서부 해안까지 모두가 경제적 중심지를 형성할 수 있었던 것도 이런 지리적 축복 덕분입니다.
요약하자면, 미국은 단순히 ‘넓은 나라’가 아니라 ‘활용 가능한 땅이 넓은 나라’라는 점에서 매우 특별합니다. 인류의 문명이 번성하기 위한 세 가지 조건—물, 기후, 토지 비옥도—를 거의 완벽하게 갖춘 국가이기도 합니다. 이런 면에서 보면, 신이 축복했다는 표현이 단순한 비유가 아니라, 지리학적으로도 근거가 충분한 말이라 할 수 있습니다.
혹시 제 답변이 도움이 되셨다면 채택해 주시면 감사하겠습니다. 정성껏 도와드리고 싶어요.",4,1,0,https://kin.naver.com/qna/detail.naver?d1id=11&dirId=111002&docId=491007796
2025-12-26 13:28:32,491007796,미국영토는 신이 축복한 땅인가요?,21,"지구상에 나라크기가 대륙급인 나라들이 있는데요 그중에서 영토크기만 보면 러시아가 가장 크지만 보유 영토의 절반이상은 사람이 거주하거나 개발하는게 불가능한 수준의 땅이라고하고 캐나다나 호주도 각각 크기가 미국과 비슷하지만 보유영토의 절반가까이는 사용하거나 사람거주가 힘든땅들이고 중국같은 경우에도 신장위구르나 티벳은 더이상 발전이나 개발은 힘들어보이고 중국땅의 60%~70%정도의 지역은 사람거주나 개발등이 불가능에 가까운 땅들이라고 하는데요 그외에 아르헨티나랑 브라질도 호주랑 캐나다와 비슷한 상황이라고 알고있는데요
미국땅도 사막지역이나 화산지역등이 있지만 미국 본토의(알래스카.하와이.괌 제외) 70%~80%정도는 사람이 거주가능하고 개발할려고 한다면 얼마든지 가능하고 천연자원이나 기름지고 비옥한땅들도 엄청 넓게 있다고 하는데 물론 하나하나 따지면 미국땅이라고 완벽하지만은 않겠지만 그래도 신이 엄청 축복한 땅이라는건 변함없지 않나요?",맞습니다.,5,1,0,https://kin.naver.com/qna/detail.naver?d1id=11&dirId=111002&docId=491007796
2025-12-26 13:28:38,491007902,공익복무중 학점은행제 문헌정보학과 이수가능?,14,"대학3학년에 공익복무.복무중 학점은행제로
자격및학위취득 가능할까요.
문헌정보학과 이수해서 사서에 도전하고 싶습니다
도움받을곳이 없어 여쭙니다",상관 없이 가능합니다. 장학혜택 및 기간단축 안내 도와드리겠습니다!,1,3,0,https://kin.naver.com/qna/detail.naver?d1id=11&dirId=110703&docId=491007902
2025-12-26 13:28:38,491007902,공익복무중 학점은행제 문헌정보학과 이수가능?,14,"대학3학년에 공익복무.복무중 학점은행제로
자격및학위취득 가능할까요.
문헌정보학과 이수해서 사서에 도전하고 싶습니다
도움받을곳이 없어 여쭙니다","재학중인 학력이랑 합치는건 불가해서
개별로 하시면 졸업과 동시에 가능합니다.
가이드 잡아드리겠습니다.",2,2,0,https://kin.naver.com/qna/detail.naver?d1id=11&dirId=110703&docId=491007902
2025-12-26 13:28:38,491007902,공익복무중 학점은행제 문헌정보학과 이수가능?,14,"대학3학년에 공익복무.복무중 학점은행제로
자격및학위취득 가능할까요.
문헌정보학과 이수해서 사서에 도전하고 싶습니다
도움받을곳이 없어 여쭙니다","현재 상황에 맞춰 플랜 잡아드리겠습니다
프로필 확인해주세요",3,0,0,https://kin.naver.com/qna/detail.naver?d1id=11&dirId=110703&docId=491007902
2025-12-26 13:28:41,491007547,사회복지학과 노트북 추천 부탁드려요 (맥북 vs LG그램),37,"사회복지학과 진학 예정인 학생입니다.

노트북을 새로 사려고 하는데
맥북이 괜찮을지, 아니면 LG그램이 더 실용적인지 고민돼서 질문드립니다.","사회복지학과 노트북 추천 기준으론 문서·통계 위주라 성능 부담 적습니다 
맥북은 안정성·배터리 그램은 가성비·휴대성 좋아 예산·OS 선호로 결정하시면 좋겠습니다",1,1,0,https://kin.naver.com/qna/detail.naver?d1id=1&dirId=10302&docId=491007547
2025-12-26 13:28:41,491007547,사회복지학과 노트북 추천 부탁드려요 (맥북 vs LG그램),37,"사회복지학과 진학 예정인 학생입니다.

노트북을 새로 사려고 하는데
맥북이 괜찮을지, 아니면 LG그램이 더 실용적인지 고민돼서 질문드립니다.","사회복지학과 노트북 추천으로는 
문서·통계 위주라면 가벼운 LG그램이 실용적이고 
아이패드·아이폰 연동·영상편집까지 고려 시 맥북이 유리해요!!",2,1,0,https://kin.naver.com/qna/detail.naver?d1id=1&dirId=10302&docId=491007547
2025-12-26 13:28:41,491007547,사회복지학과 노트북 추천 부탁드려요 (맥북 vs LG그램),37,"사회복지학과 진학 예정인 학생입니다.

노트북을 새로 사려고 하는데
맥북이 괜찮을지, 아니면 LG그램이 더 실용적인지 고민돼서 질문드립니다.","사회복지학과라면 LG그램 추천해용 
가벼워서 들고 다니기 편해용!",3,1,0,https://kin.naver.com/qna/detail.naver?d1id=1&dirId=10302&docId=491007547
2025-12-26 13:28:41,491007547,사회복지학과 노트북 추천 부탁드려요 (맥북 vs LG그램),37,"사회복지학과 진학 예정인 학생입니다.

노트북을 새로 사려고 하는데
맥북이 괜찮을지, 아니면 LG그램이 더 실용적인지 고민돼서 질문드립니다.","사회복지학과 학생이라면 
LG그램이 가벼워서 이동에 편리해요!",4,1,0,https://kin.naver.com/qna/detail.naver?d1id=1&dirId=10302&docId=491007547
2025-12-26 13:28:41,491007547,사회복지학과 노트북 추천 부탁드려요 (맥북 vs LG그램),37,"사회복지학과 진학 예정인 학생입니다.

노트북을 새로 사려고 하는데
맥북이 괜찮을지, 아니면 LG그램이 더 실용적인지 고민돼서 질문드립니다.","사회복지학과 노트북 고민이시군요 
맥북은 디자인 LG그램은 휴대용 추천! 
학업에 맞게 선택해보시면 좋을 것 같아요!!!",5,1,0,https://kin.naver.com/qna/detail.naver?d1id=1&dirId=10302&docId=491007547
2025-12-26 13:28:44,491007639,전문대졸 공기업 공부하는게 나은가요,36,아님 대학교 편입이나 고등학교 성적으로 가는게 나은가요?,"공기업도 본인이 어느쪽으로 가는지에 따라 다르다고 봅니다
사무직이면 거의 불가능하다고 보고
승진에도 학위는 있으면 좋다고 봅니다
지금 전문대졸업하신건가요?",1,2,0,https://kin.naver.com/qna/detail.naver?d1id=11&dirId=110408&docId=491007639
2025-12-26 13:28:44,491007639,전문대졸 공기업 공부하는게 나은가요,36,아님 대학교 편입이나 고등학교 성적으로 가는게 나은가요?,"지능에 맞게 선택하셔야 해요.
공기업도 엄청 힘들어요.
 하급 공기업들도 은근 어려워요. 진짜 고민 많이 하시고 신중하게 결정하셔야 합니다.
편입은 굳이.. 뭐 국숭세단이나 부산,경북,인천대 가실 수 있으신게 아니라면 굳이...",2,2,0,https://kin.naver.com/qna/detail.naver?d1id=11&dirId=110408&docId=491007639
2025-12-26 13:28:44,491007639,전문대졸 공기업 공부하는게 나은가요,36,아님 대학교 편입이나 고등학교 성적으로 가는게 나은가요?,전문대졸 공기업은 안정적입니다. 편입은 더 높은 학위를 취득할 수 있습니다. 목표에 따라 선택하세요.,3,0,1,https://kin.naver.com/qna/detail.naver?d1id=11&dirId=110408&docId=491007639
2025-12-26 13:28:46,491007491,저녁미사 때 미사보 꼭 써야되나요?,17,,아니에요~꼭 안써도 됩니다,1,1,0,https://kin.naver.com/qna/detail.naver?d1id=8&dirId=814&docId=491007491
2025-12-26 13:28:46,491007491,저녁미사 때 미사보 꼭 써야되나요?,17,,없으면 안써도됩니다,2,1,0,https://kin.naver.com/qna/detail.naver?d1id=8&dirId=814&docId=491007491
2025-12-26 13:28:46,491007491,저녁미사 때 미사보 꼭 써야되나요?,17,,안쓰셔도 됩니다,3,1,0,https://kin.naver.com/qna/detail.naver?d1id=8&dirId=814&docId=491007491
2025-12-26 13:28:46,491007491,저녁미사 때 미사보 꼭 써야되나요?,17,,"네 맞습니다 작성하셔야 합니다 
답변에 도움이 되셨으면 채택 부탁드립니다!!",4,0,1,https://kin.naver.com/qna/detail.naver?d1id=8&dirId=814&docId=491007491
2025-12-26 13:28:49,491007877,컴퓨터가게까지 컴퓨터 본체 들고 가기,17,"저는 데스크톱 고칠 때,
컴퓨터가게가 걸어서 10분 거리라서 데스크톱 본체 들고 10분 동안 걸어가는데요.

다들 원래 이렇게 컴퓨터 고칠 때 컴퓨터가게까지 데스크톱 본체 들고 가나요?
여러분이 가시는 컴퓨터가게는 걸어서 몇 분 거리인가요? 
그리고 보통 컴퓨터 고칠 때 컴퓨터가게까지 어떻게 가나요?","차에 싣고가죠...
걸어가면 힘드니까...",1,2,0,https://kin.naver.com/qna/detail.naver?d1id=6&dirId=61303&docId=491007877
2025-12-26 13:28:49,491007877,컴퓨터가게까지 컴퓨터 본체 들고 가기,17,"저는 데스크톱 고칠 때,
컴퓨터가게가 걸어서 10분 거리라서 데스크톱 본체 들고 10분 동안 걸어가는데요.

다들 원래 이렇게 컴퓨터 고칠 때 컴퓨터가게까지 데스크톱 본체 들고 가나요?
여러분이 가시는 컴퓨터가게는 걸어서 몇 분 거리인가요? 
그리고 보통 컴퓨터 고칠 때 컴퓨터가게까지 어떻게 가나요?",구르마에 태워서 끌고가세요,2,1,0,https://kin.naver.com/qna/detail.naver?d1id=6&dirId=61303&docId=491007877
2025-12-26 13:28:52,491007317,스테로이드 연고 부작용으로 건조감 홍조 케어법,15,"아토피 연고(토피솔 밀크로션)를 사용 중이었는데요, 연고를 끊으면 계속 아토피가 올라오다보니까 연고를 꾸준히 발랐어요ㅠ
스테로이드 제품인걸 모르고 한달정도 꾸준히 바른거 같아요.
그랬더니 얼굴 전체에 아토피가 번진것처럼 건조감이 매우 심하고 각질이 올라오고, 폼클렌징이나 스킨케어를 할 때 피부가 따가워요.
그리고 건조한 부위가 빨갛게 계속 올라와 있고 피부가 전체적으로 건조해져서 주름이 져요…ㅜㅜ
건조한 부분을 만지면 나무껍질처럼 거칠거칠해요.
일주일 뒤에 여행인데 회복할 수 있는 방법이 있을까요?","안녕하세요. 네이버 피부 expert 입니다!
연고를 끊으면 다시 올라올까 봐 계속 바르셨을 텐데, 지금 상태를 보니 정말 많이 불안하고 힘드셨을 것 같아요ㅠㅠ
말씀해주신 증상들을 종합해보면 아토피 자체가 갑자기 심해졌다기보다는 얼굴에 스테로이드 성분이 비교적 장기간 반복 사용되면서 피부 장벽이 급격히 약해지고, 피부 속 수분과 유분 밸런스가 무너진 상태로 보여요. 
그래서 전체적으로 건조감이 심해지고 각질이 나무껍질처럼 일어나고, 붉은 기와 따가움이 같이 나타나는 거예요. 
중요한 건 피부를 더 만지지 않고 자극을 최대한 줄이면서 피부 온도와 장벽을 동시에 안정시키는 겁니다.
우선 세안은 꼭 필요할 때만 아주 미지근한 물로 짧게 하시고, 거품형이나 약산성 폼을 손에서 충분히 거품 낸 뒤 문지르지 말고 눌러 씻어내듯 마무리하세요. 
그리고 지금 피부 상태에서는 크림을 두껍게 바르는 것보다 세안 직후 피부 열감과 따가움을 먼저 내려주는 단계가 중요해요. 
피부 온도가 올라간 상태에서 유분 위주의 제품을 바로 얹으면 오히려 열이 갇혀 붉음과 가려움이 더 심해질 수 있거든요. 
그래서 이런 경우에는 홍조나 예민 피부에 특화된 미스트를 베이스 단계에서 먼저 사용하는 걸 권해요.
레드포힐 홍조미스트는 오이수 베이스라 세안 직후 화끈거리는 얼굴 열을 빠르게 진정시키는 데 도움이 되고, 항염 복합 성분과 병풀 엑소좀이 약해진 피부 장벽을 자극 없이 안정시키는 구조라 지금처럼 따갑고 건조한 상태에서도 비교적 부담이 적은 편이에요. 
얼굴에 직접 분사하지 말고 손에 받아 눌러주듯 여러 번 나눠 흡수시키는 방식이 좋아요.
그 다음 단계로는 성분이 크림을 아주 소량만 건조한 부위 위주로 덮어주듯 사용하시고, 각질이 일어난다고 해서 절대 밀거나 문지르지 마세요. 
지금 올라온 각질은 벗겨내야 할 게 아니라 보호막처럼 자연스럽게 떨어지게 두는 게 맞아요.
여행 전까지는 새로운 화장품을 이것저것 시도하지 마시고, 진정과 보습 중심으로 최대한 단순한 루틴을 유지하시는 게 회복에 가장 도움이 됩니다. 
증상이 갑자기 더 심해지거나 진물, 심한 가려움이 동반된다면 연고를 다시 임의로 바르기보다는 피부과 진료를 병행하시는 게 안전해요.
지금 피부는 잘못된 게 아니라 과하게 버텨온 상태라서, 자극만 줄여줘도 회복 반응이 서서히 올라옵니다. 너무 조급해하지 마시고 이번 일주일은 피부를 쉬게 해준다는 마음으로 관리해보세요.
도움이 되셨다면 채택 부탁드립니다. 감사합니다 :)",1,3,0,https://kin.naver.com/qna/detail.naver?d1id=7&dirId=70111&docId=491007317
2025-12-26 13:28:55,491007562,운동 홍조,14,제가 평소에난 괜찮은데 운동만 조금만 하면 얼굴이 빨개짐을 넘어서서 보라색?이 된다누말이애여ㅠㅠㅠ 너무 스트레스고 남들 시선 신경 안 쓰고 운동하고 싶은데 방법 없나여 샘은 호흡을 잘 내뱉어라는데..,"안녕하세요. 네이버 피부 expert 입니다!
운동만 하면 얼굴이 빨개지는 걸 넘어서 보라색처럼 변한다면 스트레스가 정말 크셨을 것 같아요ㅠㅠ
평소엔 괜찮은데 운동할 때만 유독 심해진다는 점에서 질문자님 피부는 체온이 올라갈 때 얼굴 쪽 혈관 반응이 과하게 나타나는 타입으로 보여요.
그래도 너무 걱정하지 않으셔도 되는 게 지금부터라도 관리 방향만 조금 바꿔주면 충분히 완화될 수 있어요.
운동할 때 얼굴이 보라색까지 변한다는 건 단순 홍조를 넘어서 피부 속 열이 빠져나가지 못하고 혈관이 확장된 상태가 반복되고 있다는 신호거든요. 
이 상태에서 무거운 크림이나 유분 많은 제품을 쓰면 열이 더 갇혀서 오히려 색이 더 진해질 수 있어요.
그래서 이런 분들께는 운동 전과 후에 얼굴 열부터 내려주는 베이스 케어가 정말 중요해요. 
세안 직후나 운동 나가기 전에 가볍게 사용할 수 있는 홍조 전용 미스트로 피부 온도를 먼저 안정시키는 방식이 도움이 됩니다. 
레드포힐 홍조미스트는 오이수 베이스라 운동 전에도 부담 없이 사용할 수 있고 피부 속 열감을 빠르게 진정시키는 데 초점이 맞춰진 제품이에요. 
항염 복합 성분과 병풀 성분이 반복적으로 자극받는 혈관 반응을 완화하는 데 도움을 주고 수분을 채워주면서도 답답함이 남지 않는 게 장점이에요.
운동할 때는 너무 뜨거운 환경을 피하고 시작 전에 얼굴에 열이 쌓인 상태라면 미지근한 물로 가볍게 적셔주는 것도 좋아요. 
운동 후에도 바로 찬물로 세게 씻기보다는 열을 천천히 내려주는 진정 루틴을 유지하는 게 중요하고요. 이런 관리가 쌓이면 운동할 때 얼굴 색 변화가 점점 덜해지는 걸 느끼실 수 있을 거예요.
단기간에 완전히 없어지진 않지만 보통 이 주에서 한 달 정도만 꾸준히 관리해도 색이 올라오는 강도나 지속 시간이 많이 줄어드는 편이에요. 
지금 상태는 충분히 관리로 조절 가능한 범위이니 너무 위축되지 않으셨으면 해요.
도움이 되셨다면 채택 부탁드립니다. 감사합니다 :)",1,3,0,https://kin.naver.com/qna/detail.naver?d1id=11&dirId=111604&docId=491007562
2025-12-26 13:28:55,491007562,운동 홍조,14,제가 평소에난 괜찮은데 운동만 조금만 하면 얼굴이 빨개짐을 넘어서서 보라색?이 된다누말이애여ㅠㅠㅠ 너무 스트레스고 남들 시선 신경 안 쓰고 운동하고 싶은데 방법 없나여 샘은 호흡을 잘 내뱉어라는데..,"운동할 때 얼굴이 붉어지는 건 
혈액순환 때문이래요 
호흡 조절 물 충분히!",2,0,0,https://kin.naver.com/qna/detail.naver?d1id=11&dirId=111604&docId=491007562
2025-12-26 13:28:58,491008164,롤 마우스 움직일때마다 멈춤,12,"롤 시작한지는 얼마 안됐는데 마우스 움직일때마다 1초정도 멈췄다가 움직이고 마우스만 안 움직이면 안 끊기는 것 같은데 이상해요 폴링레이트 설정이랑 최적화 설정 다 해봤는데 컴퓨터 문제일까요 그리고 컴퓨터 문제라면 어느 것의 문제일까요 영상 첨부합니다

롤 마우스 움직일때마다 멈춤
00:26","뱅가드랑 충돌하는 프로그램이 원인인 경우가 제일 흔하구요,
충돌 프로그램의 종류도 다양할뿐더러, 다른 원인도 많기 때문에 본문 내용만으로는 해결이 불가능합니다.
원격으로 컴퓨터를 보면 해결이 가능한 문제이니,
혼자 해결이 어려우신 경우 아래 '네이버 엑스퍼트'로 문의남겨주세요~",1,3,0,https://kin.naver.com/qna/detail.naver?d1id=1&dirId=1010403&docId=491008164
2025-12-26 13:29:01,491008042,"컴퓨터가게 질문,검사 돈 받나요?",13,"1.컴퓨터가게에서 질문만 해도 돈 받나요?
2.컴퓨터가게에서 사장님이 컴퓨터 뜯어 보고 확인하시는 검사하면 돈 받나요?","1.일반적으로는 안받음 그러나
심도있거나 많은 질문, 시간이 많이 들어가면
미리 사전에 상담비 얘기 할 수 있음
2. 검사비는 일반적으로 발생
그러나 간단한경우 그냥 서비스 차원에서
안받을수도 있으나 그건 기대하면 안됨",1,2,0,https://kin.naver.com/qna/detail.naver?d1id=1&dirId=101&docId=491008042
2025-12-26 13:29:01,491008042,"컴퓨터가게 질문,검사 돈 받나요?",13,"1.컴퓨터가게에서 질문만 해도 돈 받나요?
2.컴퓨터가게에서 사장님이 컴퓨터 뜯어 보고 확인하시는 검사하면 돈 받나요?","1. 일반적으로 질문만으로는 돈을 받지 않습니다.
2. 검사하면 보통 수수료를 받을 수 있습니다.",2,1,0,https://kin.naver.com/qna/detail.naver?d1id=1&dirId=101&docId=491008042
2025-12-26 13:29:04,491008097,갤럭시 vs 아이폰,24,제가 살 것을 골라주세요,갤럭시가 좋아요,1,1,0,https://kin.naver.com/qna/detail.naver?d1id=5&dirId=5010602&docId=491008097
2025-12-26 13:29:04,491008097,갤럭시 vs 아이폰,24,제가 살 것을 골라주세요,"갤럭시와 아이폰 중 안드로이드폰을 고려하신다고 말씀 주셨으니, 갤럭시 제품이 좋은 선택이 될 것입니다.
갤럭시는 사용자 설정의 자유도가 높고, 다양한 위젯이나 테마를 통해 자신에게 맞춰 기기를 꾸미는 재미가 있습니다. 또한, 개방적인 파일 시스템 덕분에 데이터 관리가 편리하며, 다양한 가격대의 모델이 출시되어 예산에 맞춰 선택의 폭이 넓다는 장점도 있습니다. 특히 삼성 페이와 같은 편리한 국내 서비스들과의 연동성도 뛰어납니다.
사용자님의 성향과 선호도에 따라 갤럭시는 충분히 만족스러운 경험을 제공할 수 있을 것입니다.",2,1,0,https://kin.naver.com/qna/detail.naver?d1id=5&dirId=5010602&docId=491008097
2025-12-26 13:29:07,491007682,국비 수업을 받으면서 국민취업지원제도를 함께 받기 가능한...,19,"질문 그대로 같이 하는게 가능한가요?

국비 수업을 받으면서 국취제를 받게 되면 총 얼마를 받게 되나요?
1유형과 2유형으로 나누면 어느정도 지원받을수 잇나요?","국비 수업과 국민취업지원제도를 함께 받을 수 있습니다.
1유형은 최대 300만원, 2유형은 최대 200만원 지원받습니다.",1,1,0,https://kin.naver.com/qna/detail.naver?d1id=11&dirId=110704&docId=491007682
2025-12-26 13:29:07,491007682,국비 수업을 받으면서 국민취업지원제도를 함께 받기 가능한...,19,"질문 그대로 같이 하는게 가능한가요?

국비 수업을 받으면서 국취제를 받게 되면 총 얼마를 받게 되나요?
1유형과 2유형으로 나누면 어느정도 지원받을수 잇나요?","네, 국비 수업과 국민취업지원제도를 함께 받는 것은 가능합니다. 내일배움카드 상태와는 상관없이 국민취업지원제도를 신청할 수 있으며, 국민취업지원제도 2유형의 경우 이미 수업을 한 달 이상 수강했더라도 지원금을 받을 수 있습니다.
지원받을 수 있는 금액은 유형에 따라 다음과 같습니다.
* 국민취업지원제도 1유형: 매월 50만원의 구직촉진수당을 6개월간 지급받아 총 300만원을 지원받을 수 있습니다. 또한, 직업훈련 참여 시 발생하는 자비 부담금을 경감하거나 면제받을 수 있어 훈련 비용 부담을 줄일 수 있습니다. 예를 들어, 총 240만원의 훈련 과정에 참여할 경우 1유형을 통해 자비 부담금을 경감받을 수 있습니다.
* 국민취업지원제도 2유형: 훈련 참여 시 훈련수당을 지급받을 수 있습니다.",2,1,0,https://kin.naver.com/qna/detail.naver?d1id=11&dirId=110704&docId=491007682
2025-12-26 13:29:10,491007953,신사일주여자 병술일주남자 궁합이 어떤가요?,17,궁금합니다,"일단 두 분은 처음 보자마자 강하게 끌렸거나 서로에게 묘한 매력을 느꼈을 확률이 아주 높습니다 사주에서 위의 글자인 천간을 보면 남자의 병화와 여자의 신금이 만나서 병신합이라는 것을 하거든요 이건 서로 자석처럼 딱 달라붙는 기운이라 남자는 여자가 너무 예쁘고 빛나 보여서 푹 빠지고 여자는 남자의 열정과 리더십에 반하게 되는 구조예요 그래서 연애 초반이나 겉으로 보기에는 남들이 다 부러워할 만큼 잉꼬 커플처럼 보일 수 있습니다
하지만 진짜 중요한 건 현실을 나타내는 아래 글자들의 관계예요 여기서 조금 아쉬운 소리를 해야겠네요 여자의 사화와 남자의 술토가 만나면 원진살과 귀문관살이라는 게 작용해요 이게 무슨 말이냐면 서로 죽고 못 살 정도로 사랑하는데 막상 붙어 있으면 이유 없이 짜증이 나고 서로를 원망하게 된다는 뜻이에요 남자인 병술일주는 고집이 엄청 센 백호살 기운이라 자기 방식대로 여자를 끌고 가려 하는데 예민하고 섬세한 보석 같은 신사일주 여자분 입장에서는 그게 숨이 막히고 스트레스로 다가올 수 있어요 남자는 내가 너를 빛나게 해주는데 왜 몰라주냐고 답답해하고 여자는 남자의 사랑이 집착이나 통제처럼 느껴져서 예민해지는 거죠
결론적으로 말씀드리면 두 분은 애증의 관계가 될 가능성이 큽니다 떨어져 있으면 보고 싶어 미치겠는데 같이 있으면 사소한 말 한마디에 상처받고 멘탈이 흔들리는 싸움을 할 수 있어요 결혼을 전제로 만나는 거라면 서로의 사생활을 어느 정도 인정해주고 적당한 거리를 유지해야만 관계가 오래갈 수 있습니다 불같이 타오르는 사랑도 좋지만 그 불에 서로가 데이지 않도록 조심해야 하는 궁합이라는 점 꼭 기억하세요
 추가 질문이나 사주상담을(채팅상담) 원하시는분은 하단링크를 통해 연락주세요(유료)
(상담내용은 PDF파일로 정성껏 정리해서 보내드립니다)
ㅡㅡㅡㅡㅡㅡㅡㅡㅡㅡㅡㅡㅡㅡㅡㅡㅡㅡㅡㅡㅡㅡㅡㅡㅡㅡㅡㅡㅡ
✨ 혼자 고민하지마세요
고객님과의 인연을 소중하게 여기고 ,
마음의 길을 비추는 따뜻한 등대가 되겠습니다.
 풍월의 사주 채팅상담 신청안내
https://blog.naver.com/hyeanmister/223937121037",1,1,0,https://kin.naver.com/qna/detail.naver?d1id=3&dirId=31501&docId=491007953
2025-12-26 13:29:10,491007953,신사일주여자 병술일주남자 궁합이 어떤가요?,17,궁금합니다,"사람사주상으로 보는 합은사주로보는궁합은좋지도나쁘지도않은보통의궁합이면서록ᆢ서로의단점을 이해하고감싸준다면지속가ㄴ능한인연이다궁합적으로는 보통궁합   나도 역술가지만 역학이 천년이 넘는 학문이고 잘 맞긴 하지만 100프로는 아니니노력은 배신 안 하니 노력 하시면 됩니다. 운탓 하고 안 된다 마시고 노력하면 나쁜 운도 다 피해가요,화이팅!!!!사주팔자는 인생의 결론 시점을 말해주는 것이고 운은 살면서 길과 흉을 당하는 것을 말합니다.관재수연애운직장운자녀운임신운등등 해마다 달라집니다.추가로세세한 질문이나 년ㆍ월 등 궁금하시면, 아래 1대1 상담 엑스퍼트로 신청해 주세요.",2,1,0,https://kin.naver.com/qna/detail.naver?d1id=3&dirId=31501&docId=491007953
2025-12-26 13:29:10,491007953,신사일주여자 병술일주남자 궁합이 어떤가요?,17,궁금합니다,"안좋아 보입니다.
우선 여자분이 사주가 아깝습니다.
자세한 상담은 엑스퍼드 이용 바랍니다.",3,0,0,https://kin.naver.com/qna/detail.naver?d1id=3&dirId=31501&docId=491007953
2025-12-26 13:29:10,491007953,신사일주여자 병술일주남자 궁합이 어떤가요?,17,궁금합니다,"안맞습니다 
윤사주 명리 상담소 | 경상북도 상주시 계림동 | 운세/사주 | 당근 동네 업체
온라인 사주&명리 전문 상담소 저희 상담소는 오프라인 방문 없이 100% 온라인,당근DM(채팅) 또는 카카오톡(채팅/전화 화면공유)으로만 운영됩니다. (전화 화면 공유는 영상 통화가 아닙니다) 다른 업체하고 달리 AI 및 프로그램 돌려서 하는 PDF 제공 없습니다 100% 상담 내...
www.daangn.com",4,0,0,https://kin.naver.com/qna/detail.naver?d1id=3&dirId=31501&docId=491007953
2025-12-26 13:29:15,491008015,"임신중, 출산 후 피부당김이 심하게 되어버렸어요... 속건조...",27,"제가 임신해서부터 출산 후에도 피부가 심하게 건조해져서...
화장솜에다 스킨 흠뻑젹셔서 팩처럼 데일리로 해도 잡혀지지가 않는데
순하면서도 속건조 관리되는 화장품이 따로 있을까요?","임신중 출산 후 피부당김 심하시면 
알코올 없는 토너·세라마이드 크림으로 보습층 쌓아주시고 
시트팩·각질제거 줄이고 샤워 후 3분 안에 크림 듬뿍 바르시면 좋으세요",1,1,0,https://kin.naver.com/qna/detail.naver?d1id=8&dirId=803&docId=491008015
2025-12-26 13:29:15,491008015,"임신중, 출산 후 피부당김이 심하게 되어버렸어요... 속건조...",27,"제가 임신해서부터 출산 후에도 피부가 심하게 건조해져서...
화장솜에다 스킨 흠뻑젹셔서 팩처럼 데일리로 해도 잡혀지지가 않는데
순하면서도 속건조 관리되는 화장품이 따로 있을까요?","임신중 출산 후 피부당김은 유수분·장벽 약화 때문이시랍니다 
알코올 적은 토너로 화장솜팩 줄이시고 
세라마이드·히알루론산 크림 밤 타입 보습제 위주로 레이어링 해보시겠어요",2,1,0,https://kin.naver.com/qna/detail.naver?d1id=8&dirId=803&docId=491008015
2025-12-26 13:29:15,491008015,"임신중, 출산 후 피부당김이 심하게 되어버렸어요... 속건조...",27,"제가 임신해서부터 출산 후에도 피부가 심하게 건조해져서...
화장솜에다 스킨 흠뻑젹셔서 팩처럼 데일리로 해도 잡혀지지가 않는데
순하면서도 속건조 관리되는 화장품이 따로 있을까요?",저도 임신 출산 겪으면서 건조증이 심해졌어요 호르몬변화 때문인거 같더라구요 저는 라루셀 제품으로 싹 바꿨는데 임산부 전용라인이 있어서 좋더라구요 한번 써보세요!!,3,0,0,https://kin.naver.com/qna/detail.naver?d1id=8&dirId=803&docId=491008015
2025-12-26 13:29:17,491007218,지인이 사는 원룸에서 사람이 죽어서 119오고 했데요,26,"긍데 집주인이 구급대원들 보고 최대한 원룸에서 먼 병원으로 가달라했데요.
병원까지 거리가 집주인에게 왜 중요한가요?","아무래도 원룸 건물에서 불미스러운 사건이 발생하면, 주변 사람들에게 소문이 나거나 부정적인 인식이 생길 수 있거든요. 특히 누군가 돌아가신 경우, 그 사실이 건물과 주변 지역에 알려지면 나중에 방을 내놓을 때 공실이 길어지거나 임대료를 낮춰야 하는 등 재산상 손실을 우려할 수도 있습니다.
가까운 병원으로 이송되면 주변 주민들이 응급차나 경찰차 같은 비상 차량을 더 쉽게 목격하게 되고, 이는 곧 사건의 상세한 내용이 주변으로 퍼지는 결과를 낳을 수 있습니다. 멀리 떨어진 병원으로 옮겨달라고 요청한 것은 이러한 소문이 확산되는 것을 최대한 막고, 건물에 대한 부정적인 이미지를 최소화하려는 집주인의 마음 때문일 수 있습니다.",1,1,0,https://kin.naver.com/qna/detail.naver?d1id=8&dirId=80101&docId=491007218
2025-12-26 13:29:17,491007218,지인이 사는 원룸에서 사람이 죽어서 119오고 했데요,26,"긍데 집주인이 구급대원들 보고 최대한 원룸에서 먼 병원으로 가달라했데요.
병원까지 거리가 집주인에게 왜 중요한가요?",동네에서 입소문 날까봐 다른동네로 가라한거겠죠,2,1,0,https://kin.naver.com/qna/detail.naver?d1id=8&dirId=80101&docId=491007218
2025-12-26 13:29:17,491007218,지인이 사는 원룸에서 사람이 죽어서 119오고 했데요,26,"긍데 집주인이 구급대원들 보고 최대한 원룸에서 먼 병원으로 가달라했데요.
병원까지 거리가 집주인에게 왜 중요한가요?",원룸이 안좋은 소문이 날까봐 그러는거 아닌가요?,3,0,0,https://kin.naver.com/qna/detail.naver?d1id=8&dirId=80101&docId=491007218
2025-12-26 13:29:20,491007966,급해요 트와이스 멤버 감별좀,16,뒤늦게 입덕했는데 너무 예뻐요. 가운데 누구에여? 흰색 상의요. (빨간 상의 오른쪽),모모입니다,1,2,0,https://kin.naver.com/qna/detail.naver?d1id=3&dirId=3021401&docId=491007966
2025-12-26 13:29:20,491007966,급해요 트와이스 멤버 감별좀,16,뒤늦게 입덕했는데 너무 예뻐요. 가운데 누구에여? 흰색 상의요. (빨간 상의 오른쪽),모모입니다,2,0,0,https://kin.naver.com/qna/detail.naver?d1id=3&dirId=3021401&docId=491007966
2025-12-26 13:29:24,491007980,이제 20살 아들 통금두는게 맞나요?,24,"지금은 고3 아들인데 지금까지는 11시 통금을했는데
아들은 성인이되면 통금이 당연히 없어진다고 생각을 했어요
지금까지는 미성년자라서 엄마 아빠 의견에 따를려고 통금을 지켰다는데 성인되면 어쩧게 해야할까요","술 잘 안마신다면
성인 남자의경우는
통금 없어도 됩니다",1,1,0,https://kin.naver.com/qna/detail.naver?d1id=8&dirId=8010502&docId=491007980
2025-12-26 13:29:24,491007980,이제 20살 아들 통금두는게 맞나요?,24,"지금은 고3 아들인데 지금까지는 11시 통금을했는데
아들은 성인이되면 통금이 당연히 없어진다고 생각을 했어요
지금까지는 미성년자라서 엄마 아빠 의견에 따를려고 통금을 지켰다는데 성인되면 어쩧게 해야할까요","잘못을 하지 않았다면 이제 믿어주는게 좋다고 봐여
새벽에 뭐 생산적인 활동을 할 수도 있는거고
성인 되서는 좀 풀어주는게 맞다고 생각합니다,,",2,1,0,https://kin.naver.com/qna/detail.naver?d1id=8&dirId=8010502&docId=491007980
2025-12-26 13:29:24,491007980,이제 20살 아들 통금두는게 맞나요?,24,"지금은 고3 아들인데 지금까지는 11시 통금을했는데
아들은 성인이되면 통금이 당연히 없어진다고 생각을 했어요
지금까지는 미성년자라서 엄마 아빠 의견에 따를려고 통금을 지켰다는데 성인되면 어쩧게 해야할까요",걱정되니깐 그런가보요,3,0,0,https://kin.naver.com/qna/detail.naver?d1id=8&dirId=8010502&docId=491007980
2025-12-26 13:29:24,491007980,이제 20살 아들 통금두는게 맞나요?,24,"지금은 고3 아들인데 지금까지는 11시 통금을했는데
아들은 성인이되면 통금이 당연히 없어진다고 생각을 했어요
지금까지는 미성년자라서 엄마 아빠 의견에 따를려고 통금을 지켰다는데 성인되면 어쩧게 해야할까요","성인이어도 통금은 있어야한다고 봅니다., 부모님 집에서 산다면요
왜냐면 걱정하자나요.
지금 11시면 대학생때는 12시로 하면될듯해요",4,0,0,https://kin.naver.com/qna/detail.naver?d1id=8&dirId=8010502&docId=491007980
2025-12-26 13:29:24,491007980,이제 20살 아들 통금두는게 맞나요?,24,"지금은 고3 아들인데 지금까지는 11시 통금을했는데
아들은 성인이되면 통금이 당연히 없어진다고 생각을 했어요
지금까지는 미성년자라서 엄마 아빠 의견에 따를려고 통금을 지켰다는데 성인되면 어쩧게 해야할까요","첫째, 성인이 된다는 것은 법적 책임이 아들에게 넘어간다는 의미이지, 갑자기 모든 가족 규칙이 사라진다는 뜻은 아닙니다. 다만 ‘통제’의 방식은 바뀌어야 합니다. 이제는 강제적인 통금보다는 상호 합의가 필요합니다.
둘째, 지금처럼 부모가 정해준 통금을 그대로 유지하면 갈등만 커질 가능성이 높습니다. 아들은 “이제는 믿어주지 않는다”고 느낄 수 있고, 부모는 더 불안해질 수 있습니다. 이 단계에선 규칙보다 신뢰가 중요합니다.
셋째, 현실적인 방법은 통금 폐지 + 기본 약속 설정입니다. 예를 들면 “늦어질 땐 연락하기”, “다음 날 일정에 지장 없게 자기 관리하기” 같은 최소한의 가정 내 약속을 정하는 방식입니다.
넷째, 부모 입장에서는 걱정이 당연하지만, 성인이 된 자녀에게 계속 통제를 하면 독립 준비를 방해할 수 있습니다. 오히려 선택의 결과를 스스로 책임지게 하는 것이 장기적으로는 더 안전합니다.
다섯째, 핵심은 통금을 없애느냐 유지하느냐가 아니라 ‘관리 대상’에서 ‘대화 상대’로 관계를 바꾸는 것입니다. 미리 차분하게 이야기하며 기준을 함께 정하신다면, 갈등 없이 자연스럽게 넘어갈 수 있습니다.",5,0,0,https://kin.naver.com/qna/detail.naver?d1id=8&dirId=8010502&docId=491007980
2025-12-26 13:29:27,491007391,답변좀해주세요,18,답변부탁합니다,"1. 휴대용선풍기
2. 배달가능여부확인
3. 탈의와냉각
4.개방된공간으로는 대피하지 않는다
5.설탕
같네요",1,2,0,https://kin.naver.com/qna/detail.naver?d1id=8&dirId=814&docId=491007391
2025-12-26 13:29:27,491007391,답변좀해주세요,18,답변부탁합니다,"이런거 함부로 유포하면 안될텐데요
본인이 풀으셔야죠..",2,0,1,https://kin.naver.com/qna/detail.naver?d1id=8&dirId=814&docId=491007391
2025-12-26 13:29:31,491007409,약 밥 앙먹고 먹어두 돼요?,19,"감기약 받앗는데 약사님이 밥먹고 먿으라구 두번 강조햇거든요
근데 밥안먹고 먹어도 되나요?

약 구성 **

제클리정, 타가메트정, 뮤텐캡슐, 아세필엠캡슐, 비)코미정, 알세틴정, 트라몰 8시간 서방정

밥 안먹구 머거두돼요?","뭐라도 간단히 드시고 약 드시는게 좋죠 
그냥 드시면 속이 쓰릴수도있어요",1,1,0,https://kin.naver.com/qna/detail.naver?d1id=7&dirId=70404&docId=491007409
2025-12-26 13:29:31,491007409,약 밥 앙먹고 먹어두 돼요?,19,"감기약 받앗는데 약사님이 밥먹고 먿으라구 두번 강조햇거든요
근데 밥안먹고 먹어도 되나요?

약 구성 **

제클리정, 타가메트정, 뮤텐캡슐, 아세필엠캡슐, 비)코미정, 알세틴정, 트라몰 8시간 서방정

밥 안먹구 머거두돼요?",감기약은 밥 안 먹고 먹어도 됩니다. 피부과 약만 제외한 나머지 모든 약들은 다 밥 안 먹고 먹어도 됩니다.,2,1,0,https://kin.naver.com/qna/detail.naver?d1id=7&dirId=70404&docId=491007409
2025-12-26 13:29:31,491007409,약 밥 앙먹고 먹어두 돼요?,19,"감기약 받앗는데 약사님이 밥먹고 먿으라구 두번 강조햇거든요
근데 밥안먹고 먹어도 되나요?

약 구성 **

제클리정, 타가메트정, 뮤텐캡슐, 아세필엠캡슐, 비)코미정, 알세틴정, 트라몰 8시간 서방정

밥 안먹구 머거두돼요?","안녕하세요~ 감기약을 받으면서 **“꼭 밥 먹고 드세요”**라고 두 번이나 강조를 들으셔서 더 고민되셨을 것 같습니다.
저도 속이 예민한 편이라 이런 상황에서 그냥 먹어도 되나 항상 고민했어서 그 마음 잘 이해합니다.
제 경험상 이 약 구성은 공복 복용을 권하지 않습니다.
 1. 밥 안 먹고 드시면 불편해질 가능성이 높은 약 구성입니다
적어주신 약 중에서
 • 타가메트정: 위 보호 목적이지만, 다른 약들의 위 자극을 완전히 막아주지는 못합니다.
 • 아세필엠캡슐, 뮤텐캡슐: 위장 자극, 메스꺼움이 생길 수 있습니다.
 • 트라몰 8시간 서방정(트라마돌): 공복에 복용 시 어지럼, 구역감, 속 울렁거림이 특히 잘 나타납니다.
이 조합은 실제로 밥 안 먹고 먹으면 헛구역질·속쓰림으로 다시 고생하는 경우가 많습니다.
 2. ‘꼭 밥’이 아니어도 됩니다, 최소한 이것은 드세요
진짜 밥이 힘들다면
 • 바나나 1개
 • 우유 한 컵
 • 식빵 반 장
 • 요거트 정도
이 정도만이라도 위에 깔고 드시는 게 훨씬 안전합니다.
 3. 공복에 그냥 먹는 건 추천하지 않습니다
약사님이 두 번 강조하신 이유가 딱 이 약 구성 때문입니다.
“위 보호약이 있으니까 괜찮겠지” 하고 공복 복용했다가 오히려 약 끊게 되는 경우도 많습니다.
제가 작성한 사이트에서 일부 내용을 가져왔습니다. 질문자님에게 도움될 이어지는 내용은 아래에 남겨놓겠습니다.
 [관련 정보 보러가기]: 
콩떡방떡
Kongddeok-bangddeok (콩떡방떡)
junejoy.tistory.com",3,0,0,https://kin.naver.com/qna/detail.naver?d1id=7&dirId=70404&docId=491007409
2025-12-26 13:29:37,491007215,콘서트 청소년증,13,"콘서트가 담주인데 본인확인 할 방법이 없어서 청소년증 발급 신청서 발급받고 하려는데
가까운 주민센터 가서 발급 신청만 하면 신청서 즉석에서 바로 뽑아주시나요??","청소년증 발급을 신청하면 그 자리에서 발급신청서를 줍니다.
그게 임시신분증입니다.",1,1,0,https://kin.naver.com/qna/detail.naver?d1id=6&dirId=60208&docId=491007215
2025-12-26 13:29:40,491008048,고구려와 중원 제국에 전쟁사를 알고 싶어요,9,"고구려와 중원에 전쟁에 기록 궁금합니다
가르쳐 주세요","1. 고구려-수(隋) 전쟁
중국을 통일한 수나라는 고구려를 굴복시키기 위해 네 차례에 걸쳐 대규모 침공을 감행했습니다.
제1차 전쟁 (598년)
수 문제의 30만 대군이 침공했으나 장마와 전염병, 고구려군의 반격으로 큰 소득 없이 후퇴했습니다.
제2차 전쟁 (612년) - 살수대첩
수 양제가 113만 명이라는 사상 유례없는 대군을 이끌고 요동성을 공격했으나 함락에 실패했습니다. 이에 30만 별동대를 조직해 평양으로 직공했으나, 을지문덕 장군의 유인 작전에 말려 살수(청천강)에서 거의 전멸당했습니다.
무리한 원정으로 국력을 탕진한 수나라는 내부 반란이 일어나며 결국 멸망했습니다.
2. 고구려-당(唐) 전쟁
수나라를 뒤이어 등장한 당나라는 훨씬 치밀하고 강력한 전략으로 고구려를 압박했습니다.
안시성 전투 (645년)
당 태종 이세민이 직접 대군을 이끌고 요동을 침공했습니다. 요동성 등 여러 성이 함락되었으나, 안시성에서 성주와 백성들이 끈질기게 저항했습니다. 당나라는 성보다 높은 토산까지 쌓으며 공격했지만, 고구려군이 이를 빼앗아 역이용하면서 결국 당 태종은 퇴각했습니다.
나·당 연합과 고구려의 멸망 (668년)
당나라는 전략을 바꿔 신라와 연합(나당연합군)했습니다. 고구려는 오랜 전쟁으로 국력이 쇠약해진 상태에서 지도층(연개소문의 아들들)의 내분까지 겹쳤고, 결국 평양성이 함락되며 멸망했습니다.
3. 고구려의 주요 방어 전략
청야 전술
적이 올 길목의 식량과 보급품을 모두 태우거나 성안으로 들여 적을 굶주리게 만드는 전략입니다.
천리장성
당나라의 침입에 대비해 부여성에서 비사성에 이르는 국경 지대에 쌓은 거대 방어선입니다.
철갑기병(개마무사)
말과 병사 모두 철갑을 두른 강력한 돌파력으로 중원 보병대를 제압했습니다.
채택 부탁드립니다 : )",1,1,0,https://kin.naver.com/qna/detail.naver?d1id=11&dirId=111002&docId=491008048
2025-12-26 13:29:42,491008167,임영웅 새해 첫달 월페이퍼?,26,"임영웅 가수의 2026년 새해 첫달
월페이퍼좀 볼수 있나요?","임영웅 가수의 2026년  1월 월페이퍼 보여드릴께요
2차 가공이나 상업적 이용은 금지랍니다",1,1,0,https://kin.naver.com/qna/detail.naver?d1id=3&dirId=31401&docId=491008167
2025-12-26 13:29:42,491008167,임영웅 새해 첫달 월페이퍼?,26,"임영웅 가수의 2026년 새해 첫달
월페이퍼좀 볼수 있나요?",임영웅 26년 첫달 월페이퍼  올려 드릴께요!!!,2,0,0,https://kin.naver.com/qna/detail.naver?d1id=3&dirId=31401&docId=491008167
2025-12-26 13:29:42,491008167,임영웅 새해 첫달 월페이퍼?,26,"임영웅 가수의 2026년 새해 첫달
월페이퍼좀 볼수 있나요?",임영웅 가수 2026년 시즌그리팅 1월 달력입니다.,3,0,0,https://kin.naver.com/qna/detail.naver?d1id=3&dirId=31401&docId=491008167
2025-12-26 13:29:42,491008167,임영웅 새해 첫달 월페이퍼?,26,"임영웅 가수의 2026년 새해 첫달
월페이퍼좀 볼수 있나요?",임영웅 가수 2026년 새해 첫달 월페이퍼이미지 사진 보여드릴게요,4,0,0,https://kin.naver.com/qna/detail.naver?d1id=3&dirId=31401&docId=491008167
2025-12-26 13:29:45,491007809,하루종일 물도 안마시면 체중 줄어들긴 하나요?,20,"아무리 수분무게라도 일반적으로 하루종일 아무생각 없어서
물조차 안마시고 그냥 있으면 체중 줄어드는지 어느정도
줄어드나요 보통?제대로 된 답변만 채택하겠습니다~","하루 동안 물을 전혀 마시지 않으면 일시적으로 체중이 줄어들 수 있습니다. 우리 몸은 소변, 땀, 호흡 등을 통해 꾸준히 수분을 배출하기 때문에, 물을 섭취하지 않으면 체내 수분량이 줄어들어 그만큼 체중계 숫자가 내려갈 수 있습니다.
하지만 이는 몸에 필요한 수분이 빠져나간 '수분 손실'로 인한 것으로, 실제 지방이 연소되어 줄어든 체중 감소와는 다릅니다. 이와 같은 방법은 건강에 바람직하지 않으며 장기적인 체중 감량에도 도움이 되지 않습니다.",1,1,0,https://kin.naver.com/qna/detail.naver?d1id=7&dirId=708&docId=491007809
2025-12-26 13:29:45,491007809,하루종일 물도 안마시면 체중 줄어들긴 하나요?,20,"아무리 수분무게라도 일반적으로 하루종일 아무생각 없어서
물조차 안마시고 그냥 있으면 체중 줄어드는지 어느정도
줄어드나요 보통?제대로 된 답변만 채택하겠습니다~","일시적으로 감소하는 것처럼 보이지만, 빠지지는 않습니다.
건강만 해치는 거죠.
음식 조절하면서 운동하는 게 최곱니다.
키, 몸무게 얼마나 나가시는데요?",2,0,0,https://kin.naver.com/qna/detail.naver?d1id=7&dirId=708&docId=491007809
2025-12-26 13:29:45,491007809,하루종일 물도 안마시면 체중 줄어들긴 하나요?,20,"아무리 수분무게라도 일반적으로 하루종일 아무생각 없어서
물조차 안마시고 그냥 있으면 체중 줄어드는지 어느정도
줄어드나요 보통?제대로 된 답변만 채택하겠습니다~","하루종일 물을 마시지 않으면 체중이 줄어들 수 있습니다. 주로 수분 손실로 인해 0.5kg에서 1kg 정도 줄어들 수 있지만, 이는 일시적인 변화입니다.",3,0,0,https://kin.naver.com/qna/detail.naver?d1id=7&dirId=708&docId=491007809
2025-12-26 13:29:48,491007636,국가장학금 1차 지원을 못했는데,11,2차 하면 되나요? 2차 기간은 또 언제인지 모르겠네요ㅜㅜ,"[답변]
국가장학금은 보통 1차와 2차로 나누어 신청을 받습니다.
만약 1차 신청을 놓쳤다면 2차 신청 기간에 지원 가능합니다.
다만, 2차 신청은 1차보다 심시 기간이 길기 때문에 등록금 납부 기간 이후에 장학금이
지급될 수 있습니다.
그 외에도 2차 신청했을 때 유의해야 할 점이 더 있으니,
궁금한 점은 아래를 참고하세요.
국가장학금 서류와 신청 방법
국가장학금은 대학생이라면 꼭 챙겨야 할 필수적인 지원 제도입니다. 신청 절차부터 필요한 서류, 자주 묻는 질문까지 꼼꼼하게 정리했으니, 장학금 신청에 성공하시기를 바랍니다! 1️⃣ 국가장학금 신청방법 국가장학금 신청은 한국장학재단 홈페이지 또는 모바일 ...
m.site.naver.com",1,1,0,https://kin.naver.com/qna/detail.naver?d1id=11&dirId=110505&docId=491007636
2025-12-26 13:29:48,491007636,국가장학금 1차 지원을 못했는데,11,2차 하면 되나요? 2차 기간은 또 언제인지 모르겠네요ㅜㅜ,2차 하면 됩니다. 한국장학재단 들어가서 일정 봐보세요,2,0,0,https://kin.naver.com/qna/detail.naver?d1id=11&dirId=110505&docId=491007636
2025-12-26 13:29:51,491007620,몽클이랑 콜롬비아 둘 중 뭐가 더 따뜻해요?,17,"저는 콜롬비아가 더 따뜻하다고 생각해서 더 자주 입는데
주변 사람들은 이론상으로도 몽클레어가 더 따뜻할 수밖에 없다고 하더라고요
제가 착각하는 걸까요?
몽크 입었을 땐 좀 춥다는 느낌이 있는데
콜롬비아 입으면 진짜 덥다는 느낌이 더 많이 들어요
착각일까요",몽클은 브랜드값일뿐이고 나같아도 추위 생각하면 콜럼비아 입을겁니다,1,1,0,https://kin.naver.com/qna/detail.naver?d1id=5&dirId=50401&docId=491007620
2025-12-26 13:29:51,491007620,몽클이랑 콜롬비아 둘 중 뭐가 더 따뜻해요?,17,"저는 콜롬비아가 더 따뜻하다고 생각해서 더 자주 입는데
주변 사람들은 이론상으로도 몽클레어가 더 따뜻할 수밖에 없다고 하더라고요
제가 착각하는 걸까요?
몽크 입었을 땐 좀 춥다는 느낌이 있는데
콜롬비아 입으면 진짜 덥다는 느낌이 더 많이 들어요
착각일까요","필파워 우모비율 충전량 소재에 따라 따뜻함에 차이가 있을 수 있어요
브랜드만으로만 결정되는게 아닙니다",2,0,0,https://kin.naver.com/qna/detail.naver?d1id=5&dirId=50401&docId=491007620
2025-12-26 13:29:51,491007620,몽클이랑 콜롬비아 둘 중 뭐가 더 따뜻해요?,17,"저는 콜롬비아가 더 따뜻하다고 생각해서 더 자주 입는데
주변 사람들은 이론상으로도 몽클레어가 더 따뜻할 수밖에 없다고 하더라고요
제가 착각하는 걸까요?
몽크 입었을 땐 좀 춥다는 느낌이 있는데
콜롬비아 입으면 진짜 덥다는 느낌이 더 많이 들어요
착각일까요","콜롬비아가 더 따뜻할 수도 있어요! 사람마다 느낌이 다르긴 한데 소재나 안감 차이도 영향을 주는 것 같아요 
가끔 몽클레어가 더 무겁고 덥게 느껴질 수도 있긴 해요",3,0,0,https://kin.naver.com/qna/detail.naver?d1id=5&dirId=50401&docId=491007620
2025-12-26 13:29:54,491007904,송탄에아주1차 실평수17평 현관교체 포함 올리모델링대충얼마...,14,#리모델링#17평구축# 아파트#견적,"송탄 아주1차 17평 리모델링 
현관 교체 포함해서 대략 
2000-3000만 원 정도 예상돼요!",1,1,0,https://kin.naver.com/qna/detail.naver?d1id=8&dirId=8080101&docId=491007904
2025-12-26 13:29:57,491007315,국가장학금 가족정보 입력,9,부모님이 이혼 하셨지만 연락을 가능하면 생존체크 해야 하는 건가요. 따로 살아서 가족구성원 동의를 받기 힘든 상태입니다.,"[답변]
원칙적으로는 같은 가구로 조회되는 부모의 정보 제공 동의가 필요할 수 있습니다.
질문자님처럼 따로 살아 동의를 받기 어려운 경우에는,
재단에 가구원 동의 예외(서류 대체) 신청을 하면 됩니다.
이 경우 가족관계증명서 등으로 상황을 소명할 수 있습니다.
또한, 신청은 1차기간 외에도 2차기간에 신청이 가능합니다.
2차 신청방법과 유의사항은 아래를 확인하세요.
국가장학금 서류와 신청 방법
국가장학금은 대학생이라면 꼭 챙겨야 할 필수적인 지원 제도입니다. 신청 절차부터 필요한 서류, 자주 묻는 질문까지 꼼꼼하게 정리했으니, 장학금 신청에 성공하시기를 바랍니다! 1️⃣ 국가장학금 신청방법 국가장학금 신청은 한국장학재단 홈페이지 또는 모바일 ...
m.site.naver.com",1,1,0,https://kin.naver.com/qna/detail.naver?d1id=11&dirId=110503&docId=491007315
2025-12-26 13:29:57,491007315,국가장학금 가족정보 입력,9,부모님이 이혼 하셨지만 연락을 가능하면 생존체크 해야 하는 건가요. 따로 살아서 가족구성원 동의를 받기 힘든 상태입니다.,"질문자님 국가장학금 가족정보 입력 시 부모님이 이혼하셨을 경우 생존체크나 가족 동의가 필요한지가 궁금하시군요.
연락이 어려운 상황이면 더 걱정되실 수 있습니다.
정리하면, 연락 가능 여부와 생존체크는 별도로 하지 않습니다.
국가장학금의 가구원 정보는 주민등록·건강보험 등 공적 자료 기준으로 확인되기 때문에, 이혼 여부 자체가 불이익이 되지는 않습니다.
다만 원칙적으로는 같은 가구로 조회되는 부모의 정보 제공 동의가 필요할 수 있습니다.
질문자님처럼 따로 살아 동의를 받기 어려운 경우에는, 재단에 가구원 동의 예외(서류 대체) 신청을 하면 됩니다. 이 경우 가족관계증명서 등으로 상황을 소명합니다.",2,0,0,https://kin.naver.com/qna/detail.naver?d1id=11&dirId=110503&docId=491007315
2025-12-26 13:29:59,491008095,수냉쿨러 설치시 서멀 새로발라야하나요?,8,"수냉 쿨러를 새로 구매했는데

저렇게 펌프에 서멀이 발려있고 여유서멀을 더주는거같은데

그냥 저렇게 발린 상태로 설치하면되나요?

아니면 추가로 더 도포하고 설치해야하나요",서멀이 도포된 상태로 되어 있는건 그대로 추가 없이 부착 시키면 됩니다,1,1,0,https://kin.naver.com/qna/detail.naver?d1id=5&dirId=50203&docId=491008095
2025-12-26 13:30:02,491007867,내신 학종 등수,12,"5등급제에서 학종으로 갈 때 2등급 중에서도 1,2등 차이로 1 놓친 것이면 대학에서 이를 고려하나요? 교과는 반영 안 하는걸로 아는데 종합에서는 최소한 70등 2등급과는 조금이라도 다른 취급 받을 수 있나요","대입에서 전형자료는 생기부입니다. 생기부에는 2등급 중에서 1, 2등 차이로 1등급을 놓친 것을 확인할 수 없습니다. 알 수 없으니 반영되지 않습니다. 참고하세요.",1,1,0,https://kin.naver.com/qna/detail.naver?d1id=11&dirId=110204&docId=491007867
2025-12-26 13:30:02,491007867,내신 학종 등수,12,"5등급제에서 학종으로 갈 때 2등급 중에서도 1,2등 차이로 1 놓친 것이면 대학에서 이를 고려하나요? 교과는 반영 안 하는걸로 아는데 종합에서는 최소한 70등 2등급과는 조금이라도 다른 취급 받을 수 있나요","대학마다 다르지만, 일반적으로 학종에서는 세부 등급 차이를 고려할 수 있습니다. 1, 2등급 차이가 있으면 긍정적으로 평가될 가능성이 있습니다.",2,0,0,https://kin.naver.com/qna/detail.naver?d1id=11&dirId=110204&docId=491007867
2025-12-26 13:30:04,491007327,한글문서에서 표 table 고정하는 방법,10,"안녕하세요
이전에 질문드린바 있으나 해결되지 않아 다시 질문 올립니다.
간곡히 부탁드립니다.

질문: 한글문서 작성시 내용을 작성하고 A4 중간 쯤에 표 table를 삽입하고 다시 본문을 작성하는데
      표가 고정되지 않고 자꾸 이동합니다.

      표를 고정시키는 방법을 알려주시기 바랍니다.
      읽어 주셔서 감사합니다.","표 위에서 마우스 우클릭하고
'표/셀 속성'을 선택한 후
'위치'에서 '글자처럼 취급'의 체크를 해제하고
'세로'를 '쪽'이나 '종이'로 설정한 뒤 '설정' 누르면
본문의 내용 입력과 상관없이 위치가 고정됩니다.
아래의 설정 예시를 확인해 보기 바랍니다.",1,1,0,https://kin.naver.com/qna/detail.naver?d1id=1&dirId=1020202&docId=491007327
2025-12-26 13:30:07,491007587,당근거래 하는데 너무 짜증나네요 어떻게 신고가 안되는 걸까...,15,물건을 판매하는 상황에서 구매자님께서 늦은 시간 11시 밖에 시간이 안된다고 하셔서 잠도 안 자고 5분전에 나가서 기다리고 있었습니다 근데 갑자기 일이 있으시다고 대면거래 약속 파기 하시고 택배로 보내달라고 하셔서 알았다고 하고 바로 집 들어가서 택배 포장하고 반택주소 받아서 접수했는데 달서 성당점이라고 하셔서 검색해도 안 나왔는데 성담점만 치니까 대구 성담점이 뜨더라구요 상세 주소도 달서구로 뜨기도 했구요 일단 운송장 뽑아서 사진 찍어서 보내드렸는데 연락도 한참동안 안 보셔서 바로 접수했습니다 택배비 같은 경우는 얼마가 나올 지 몰라서 택배비는 보내고나서 받는데 분명 구매자분께선 사진 확인 하셨고 택배비도 보내셔서 끝난 상황이었는데 나중에 잘못 보냈다고 환불해달라고 하시네요 모든 면에서 제 잘못이라고 우기시는데 짜증나네요,글만 읽어도 짜증나네요 님은 잘못한거없으니 그저 똥밟았다고 생각하세요,1,1,0,https://kin.naver.com/qna/detail.naver?d1id=4&dirId=40701&docId=491007587
2025-12-26 13:30:10,491007588,국가장학금 신청,17,"2026 신입생인데
오늘 6시까지인줄 모르고 놓쳤는데요ㅜㅜ
2차도 있다고 들었는데
2차에 신청하면 입학할 때 장학금 받는 거 되는 건가요? (입학할 때 장학금 받는게 있어요)","[답변]
국가장학금은 보통 1차와 2차로 나누어 신청을 받고 있습니다.
1차 기간을 놓쳤다면 2차 신청 기간에 지원하시면 됩니다.
신청방법은 1차와 같습니다.
하지만, 2차 신청은 등록금 납부기간 이후에 장학금이 지급될 수 있습니다.
그 외에도 2차 신청기간에 신청했을 때 유의사항은,
아래를 참고하세요.
국가장학금 서류와 신청 방법
국가장학금은 대학생이라면 꼭 챙겨야 할 필수적인 지원 제도입니다. 신청 절차부터 필요한 서류, 자주 묻는 질문까지 꼼꼼하게 정리했으니, 장학금 신청에 성공하시기를 바랍니다! 1️⃣ 국가장학금 신청방법 국가장학금 신청은 한국장학재단 홈페이지 또는 모바일 ...
m.site.naver.com",1,1,0,https://kin.naver.com/qna/detail.naver?d1id=11&dirId=110503&docId=491007588
2025-12-26 13:30:10,491007588,국가장학금 신청,17,"2026 신입생인데
오늘 6시까지인줄 모르고 놓쳤는데요ㅜㅜ
2차도 있다고 들었는데
2차에 신청하면 입학할 때 장학금 받는 거 되는 건가요? (입학할 때 장학금 받는게 있어요)","네, 2026 신입생이어도 국가장학금 2차 신청 가능합니다.
2차에 신청해도 국가장학금 자체는 받을 수 있어요.
다만 중요한 점이 있어요
입학 시 바로 감면되는 ‘선감면’ 장학금은 1차 신청자 위주로 적용되는 경우가 많습니다.
2차 신청자는 보통 등록금을 먼저 납부하고,
이후 국가장학금이 확정되면 계좌로 환급되는 방식입니다.
그리고 학교에서 말하는
“입학할 때 받는 장학금”
이게 교내 신입생 장학금이라면,
해당 장학금이 국가장학금 1차 신청 필수로 연계된 경우도 있으니
→ 이건 반드시 학교 장학팀에 확인하셔야 합니다.
정리하면
✅ 국가장학금: 2차 신청 OK, 수혜 가능
⚠️ 입학 시 즉시 감면 장학금: 1차 신청만 해당되는 경우 있음
 대부분 나중에 환급 구조
가능하면 2차 신청 열리면 바로 신청하시고,
학교 장학팀 + 한국장학재단 고객센터 둘 다 확인하시는 걸 추천드려요.",2,0,0,https://kin.naver.com/qna/detail.naver?d1id=11&dirId=110503&docId=491007588
2025-12-26 13:30:13,491007296,네이버 웹툰 추천,11,"안뇽하세요요ㅛ요
이번에 작전명 순정으로 웹툰 세계에 발을 들인 중3 곧 고딩 여학생입니댜

혹시 그림체 좋고 학원 로맨스물인 작품 추천해주실 수 있나요??
그림체는 작전명 순정 느낌?이었으면 좋겠습니댜

감사합니다 힛","삼이는 재생한다 - 강은영
내향남녀 - 나
순정빌런 - 세윤",1,1,0,https://kin.naver.com/qna/detail.naver?d1id=3&dirId=30511&docId=491007296
2025-12-26 13:30:17,491007518,해하고 싶은 충동,21,"자기 고집이 세고 당연하겠지만 제 생각과 다른 행동을 강요하는 사람이 있으면 심하게 기분이 나빠져요.
싫어하는 사람을 죽이고 싶은 마음이 당연한거긴 하지만 실제로는 다들 일으키지 않잖아요 대부분.
근데 정말 1년 2년만 참으면 이 사람 볼 일 없어 정도의 사이라면 괜찮은데 아닌 사람도 있기 마련이잖아요.
까마득해요.
매일매일 스트레스와 피곤함과 까마득함이 쌓이다보면 차라리 죽여서 없어졌으면 하는 생각이 자리잡고요.
아까 말했듯이 이런 행동은 실제로 행할 순 없지만 상상을 리얼하게 한다던가 간접적이게 할 수는 있잖아요?
예를 들어 칼로 그 사람의 침구류나 취미용 물건들을 찌르고 긋는 식이요.
그런데 과연 이게 안 들킬까요?
그 전에, 계속해서 이런 정신과 행동을 지속하는 것이 저에게 좋을까요?
아닌걸 알고있기에 고치고 싶은 마음이지만 막상 상황이 닥치면 그런 마음이 사라져요.
어떻게 해야 할까요. 대상과 대화할 생각은 없어요.
저 스스로 마음을 다스리고 가르치는것에 한계가 있으니 이렇게 도움을 청해봅니다.","먼저 분명히 짚고 가야 할 게 있습니다.
말씀하신 폭력적 상상과 물건 파괴 충동은 ‘정상적인 스트레스 반응의 범주를 이미 넘어선 상태’입니다. 실제로 실행하지 않았다고 해서 안전한 상태는 아니고, 특히 칼로 물건을 훼손하는 상상이나 행위는 법적·정신적 위험 모두 매우 큽니다. 들킬 가능성도 높고, 한 번 행동으로 옮기면 되돌리기 어렵습니다.
그리고 “싫어하는 사람을 죽이고 싶은 마음은 당연하다”는 전제는 사실이 아닙니다.
많은 사람이 분노를 느끼지만, 구체적인 살해 상상·대체행동(물건 훼손 등)까지 가는 경우는 제한적이며, 이는 분노 조절 문제가 아니라 충동 조절·감정 폭발 조짐으로 분류됩니다.
중요한 점은, 이 상태에서 의지만으로 버티거나 참고 다스리는 건 거의 불가능하다는 겁니다. 이미 “상황이 닥치면 다짐이 사라진다”고 느끼는 단계라면, 혼자 해결하려는 시도 자체가 위험합니다.
 현실적인 해결책
정신과(또는 임상심리) 상담은 반드시 필요합니다. 약을 먹기 싫어도 상담만으로도 분노·충동 조절 훈련이 가능합니다.
1. 분노가 올라올 때 사용할 즉각 차단 행동을 정해두세요. 
2. 칼·도구 있는 공간 즉시 벗어나기
3. 냉수로 손 씻기, 얼굴 씻기
4. “지금 이 상태는 위험하다”를 소리 내어 말하기
그 대상과의 물리적 거리·접촉 빈도를 최대한 줄이는 구조 변경이 필요합니다. 회피는 나쁜 게 아니라 지금은 안전한 선택입니다.
마지막으로 중요한 말 드릴게요.
지금 질문하신 것 자체가 본인이 위험해질 수 있다는 걸 인지하고 있다는 신호이고, 이 단계에서 도움을 받으면 충분히 고칠 수 있습니다.
하지만 도움 없이 계속 상상·대체행동을 반복하면, 언젠가는 선을 넘을 가능성이 높아집니다.
이건 도덕의 문제가 아니라 뇌와 감정 조절의 문제입니다.
지금은 혼자 싸우는 단계가 아니라, 전문가를 끌어들여야 할 시점입니다.",1,1,0,https://kin.naver.com/qna/detail.naver?d1id=7&dirId=70109&docId=491007518
2025-12-26 13:30:17,491007518,해하고 싶은 충동,21,"자기 고집이 세고 당연하겠지만 제 생각과 다른 행동을 강요하는 사람이 있으면 심하게 기분이 나빠져요.
싫어하는 사람을 죽이고 싶은 마음이 당연한거긴 하지만 실제로는 다들 일으키지 않잖아요 대부분.
근데 정말 1년 2년만 참으면 이 사람 볼 일 없어 정도의 사이라면 괜찮은데 아닌 사람도 있기 마련이잖아요.
까마득해요.
매일매일 스트레스와 피곤함과 까마득함이 쌓이다보면 차라리 죽여서 없어졌으면 하는 생각이 자리잡고요.
아까 말했듯이 이런 행동은 실제로 행할 순 없지만 상상을 리얼하게 한다던가 간접적이게 할 수는 있잖아요?
예를 들어 칼로 그 사람의 침구류나 취미용 물건들을 찌르고 긋는 식이요.
그런데 과연 이게 안 들킬까요?
그 전에, 계속해서 이런 정신과 행동을 지속하는 것이 저에게 좋을까요?
아닌걸 알고있기에 고치고 싶은 마음이지만 막상 상황이 닥치면 그런 마음이 사라져요.
어떻게 해야 할까요. 대상과 대화할 생각은 없어요.
저 스스로 마음을 다스리고 가르치는것에 한계가 있으니 이렇게 도움을 청해봅니다.","살인욕구와 친해지면 됩니다.
예를들어 쾌락살인을 상상해보는등.
그리고 그 분노를 자기성장동력으로도 치환해보세요.
그럼 감정통제가 쉬워집니다.
대부분의 사람들의 감정통제가 어려운 이유는 분노가, 살인이 나쁘다는 사회적 믿음과 자신을 동일시 하기 때문입니다.
하지만 그 감정의 실체는 진짜 살인욕구가 아니라 두려움, 도전, 성취욕구거든요.
진짜 살인욕구가 아닌이유는 실제로 인간을 못죽이는것만으로도 증명 되었습니다.",2,0,0,https://kin.naver.com/qna/detail.naver?d1id=7&dirId=70109&docId=491007518
2025-12-26 13:30:19,491007339,알바 부당해고 문의,14,"알바 부당해고 관련해서 궁금합니다
4월달부터 12월까지 근무했고 12월 마지막 주말까지 근무할 것 같습니다. 그만둘 생각은 없었으나 1월에 근로계약서를 다시 작성하는데 사장님이 이번주 토요일에 근무 관련 얘기해보자고 하셔서 아마 해고될 거라 생각됩니다. 이번주 주말에 근무를 하고 나면 1월달 첫 번째 주말까지 1주일 남은 건데 부당해고로 간주되나요?","알바 부당해고 여부는 
1년 미만 근로로 해고제한은 없지만 
사유·통보시기 따라 부당해고 가능성 있어 
노무사 이야기 꼭 받아보시길 권드려요",1,1,0,https://kin.naver.com/qna/detail.naver?d1id=6&dirId=60802&docId=491007339
2025-12-26 13:30:21,491007840,공무원이랑 공기업 중에,20,뭐가 더 되기 어려운가요??,둘 다 어렵지만 공기업이 더 어려운 편이긴 하죠.,1,1,0,https://kin.naver.com/qna/detail.naver?d1id=11&dirId=110408&docId=491007840
2025-12-26 13:30:21,491007840,공무원이랑 공기업 중에,20,뭐가 더 되기 어려운가요??,"많이 헷갈리셨을 것 같아요.
결론부터 말하면 공기업이 더 어려울 겁니다. 요즘에는 공무원보다 공기업이 더 인기가 많아졌다고 하네요..",2,0,0,https://kin.naver.com/qna/detail.naver?d1id=11&dirId=110408&docId=491007840
2025-12-26 13:30:24,491008137,소꿉친구 여자애가 있는데 질투나요,23,9년지기 소꿉친구 여사친이 있는데 최근에 남소를 받았대요 개잘생기고 키도 크더라구요 근데 웬지모르게 질투가나요 아니 질투라기보다는 그냥 연애 안했으면 좋겠어요 걔가 좀 이쁘고 인기가 많긴하고든요?? 근데 여태까지 만난애들이랑은 그렇게 못가기도했고 다 별로였던애들이라 그리고걔를 좋아하는건 진짜 절대 아닌데 뭔가 남자생겼다하니까 좀 그래요 친구질투?? 이런건가요 아 좋아하는건 진짜 절대아닌데 걔가 부계정에 남자 하나 둘씩 늘때마다 좀 그래요 저 왜이러죠... 그냥 남사친은 저랑만 놀앗으면 하는 그 마음이 되게 큰거같긴한데 잘 모르겠어요,"친구이기도 하면서 애틋한 이성친구라 더 저렇게 느낄수도 있습니다
가지려면 사귀거나 그래야 하는데 호감은 없다고 하시니
상황만 봐서는 어쩔수 없다고 봅니다...",1,1,0,https://kin.naver.com/qna/detail.naver?d1id=8&dirId=80101&docId=491008137
2025-12-26 13:30:24,491008137,소꿉친구 여자애가 있는데 질투나요,23,9년지기 소꿉친구 여사친이 있는데 최근에 남소를 받았대요 개잘생기고 키도 크더라구요 근데 웬지모르게 질투가나요 아니 질투라기보다는 그냥 연애 안했으면 좋겠어요 걔가 좀 이쁘고 인기가 많긴하고든요?? 근데 여태까지 만난애들이랑은 그렇게 못가기도했고 다 별로였던애들이라 그리고걔를 좋아하는건 진짜 절대 아닌데 뭔가 남자생겼다하니까 좀 그래요 친구질투?? 이런건가요 아 좋아하는건 진짜 절대아닌데 걔가 부계정에 남자 하나 둘씩 늘때마다 좀 그래요 저 왜이러죠... 그냥 남사친은 저랑만 놀앗으면 하는 그 마음이 되게 큰거같긴한데 잘 모르겠어요,"좋아하시는거에요 그게 
답변에 도움이 되셨으면 채택 부탁드립니다!!",2,0,0,https://kin.naver.com/qna/detail.naver?d1id=8&dirId=80101&docId=491008137
2025-12-26 13:30:24,491008137,소꿉친구 여자애가 있는데 질투나요,23,9년지기 소꿉친구 여사친이 있는데 최근에 남소를 받았대요 개잘생기고 키도 크더라구요 근데 웬지모르게 질투가나요 아니 질투라기보다는 그냥 연애 안했으면 좋겠어요 걔가 좀 이쁘고 인기가 많긴하고든요?? 근데 여태까지 만난애들이랑은 그렇게 못가기도했고 다 별로였던애들이라 그리고걔를 좋아하는건 진짜 절대 아닌데 뭔가 남자생겼다하니까 좀 그래요 친구질투?? 이런건가요 아 좋아하는건 진짜 절대아닌데 걔가 부계정에 남자 하나 둘씩 늘때마다 좀 그래요 저 왜이러죠... 그냥 남사친은 저랑만 놀앗으면 하는 그 마음이 되게 큰거같긴한데 잘 모르겠어요,9년지기면 엄청 오래 됐네요 사실 남녀친구가 이렇게 오래 가는게 현실에선 쉽지 않은데 그랬다는건 분명 한쪽에서 마음이 있는 게 분명해요 질투가 난다는 건 분명 마음이 있다는 거고 만약 없으셨다면 절대 질투 안 날겁니다 ㅜ 그 여자분도 9년넘게 잘 지내시고 갑자기 새로운 느낌으로 다가가면 분명 다르게 대할거에요 평생 다른남자 안 만날 수는 없으니까 질투나시면 솔직하게 표현해 보세요 ㅎ,3,0,0,https://kin.naver.com/qna/detail.naver?d1id=8&dirId=80101&docId=491008137
2025-12-26 13:30:27,491007836,사타구니쪽 허벅지에 빨간 흉터같은 자국이 생겼어요,18,"정확한 시기는 기억나지 않는데 제왕절개 이후 사진과 같은것이 생겼습니다.

평소에는 저렇게 새빨갛진 않은데 따뜻한 물로 샤워한 후에 사진과 같이 빨개집니다.

제왕절개 후 상처부위에 꽤 오랜기간 흉터 관리크림을 발라왔는데 그에 대한 부작용인지... 이게 뭔지 궁금합니다.

피부과에 가면 좋겠지만 현재 모유수유중이라 어차피 약을 먹고싶지도 않고 바르고 싶지도 않아서 글을 올립니다.

답변 미리 감사드립니다.","사진에서 보이는 병변은 
사타구니에서 허벅지로 이어지는 부위에 
경계가 비교적 분명한 붉은 반점 형태임을 보면
몸 무좀이라 불리는 체부백선증일 가능성이 높습니다.
사타구니와 허벅지는 땀과 마찰, 
습기가 쉽게 차 진균이 증식하기 좋은 환경이면서
출산 후 체온 변화, 땀 증가, 면역 변화, 
오랜 흉터 크림 사용으로 인한 밀폐 환경이 
계기가 되었을 가능성이 큽니다 
진균성 피부감염의 경우 
평소에는 연해 보이다가 
샤워 후나 체온이 올라갈 때 
혈관이 확장되면서 붉게 도드라지는 특징이 있습니다 
초기에는 가려움이 거의 없거나 
흉터처럼 보여서 놓치는 경우도 많습니다 
모유수유 중이라면 
경구약은 피하는 것이 맞지만 
국소 항진균제 연고는 전신 흡수가 거의 없어 
대부분 안전하게 사용할 수 있습니다 
때문에 약국에서 항진균제 연고를 구입해 
아침, 저녁 하루 두 번 이상 
2주 이상 꾸준히 바르시는 것을 권합니다 
또한 일반 세정제로는 진균 제거가 어려워
깨끗이 씻어도 계속해서 병변이 퍼지는 경우가 많습니다.
때문에 세정 시에는 좀비누 같은 항진균 비누로
병변 부위 전체에 1-3분간 거품 세정을 하신 후 연고를 바르면
가려움증과 병변을 빠르게 잡는데 도움이 많이 됩니다.
꽉 끼는 속옷은 가급적 피하시고 
샤워 후에는 물기를 완전히 말려 
습기가 남지 않도록 관리해 주세요 
도움이 되셨다면 채택 부탁드립니다. 
감사합니다.",1,1,0,https://kin.naver.com/qna/detail.naver?d1id=7&dirId=70111&docId=491007836
2025-12-26 13:30:27,491007836,사타구니쪽 허벅지에 빨간 흉터같은 자국이 생겼어요,18,"정확한 시기는 기억나지 않는데 제왕절개 이후 사진과 같은것이 생겼습니다.

평소에는 저렇게 새빨갛진 않은데 따뜻한 물로 샤워한 후에 사진과 같이 빨개집니다.

제왕절개 후 상처부위에 꽤 오랜기간 흉터 관리크림을 발라왔는데 그에 대한 부작용인지... 이게 뭔지 궁금합니다.

피부과에 가면 좋겠지만 현재 모유수유중이라 어차피 약을 먹고싶지도 않고 바르고 싶지도 않아서 글을 올립니다.

답변 미리 감사드립니다.",곰팡이 균일수 있어요 병원가세요,2,0,0,https://kin.naver.com/qna/detail.naver?d1id=7&dirId=70111&docId=491007836
2025-12-26 13:30:32,491008139,둘리 어떤남자인가요?,8,둘리 어떤남자?,개념이 없죠.,1,1,0,https://kin.naver.com/qna/detail.naver?d1id=3&dirId=30404&docId=491008139
2025-12-26 13:30:34,491007276,국가장학금 기초생활수급자,9,"국장 신청 기간 놓쳐서 2차에 신청하려구 하는데요
기초생활수급자라 전액 지원해준다고 알고잇는데
이러면 제가 등록금을 먼저 내면 다시 계좌로 들어오는건가요? 아니면 처음부터 등록금을 안내는건가요??","[답변]
기초생활 수급자는 소득 심사에서 유리한 위치를 차지하며,
등록금 전액을 지원받을 수 있는 기회가 높습니다.
1차 신청기간을 놓쳐 2차 신청기간에 신청을 한다면,
1차보다 심사 기간이 길어 학기 등록금 납부 기간 이후에
장학금이 지급될 수 있습니다.
2차 신청방법에는 다른 유의사항이 있으니,
아래를 참고하세요.
국가장학금 서류와 신청 방법
국가장학금은 대학생이라면 꼭 챙겨야 할 필수적인 지원 제도입니다. 신청 절차부터 필요한 서류, 자주 묻는 질문까지 꼼꼼하게 정리했으니, 장학금 신청에 성공하시기를 바랍니다! 1️⃣ 국가장학금 신청방법 국가장학금 신청은 한국장학재단 홈페이지 또는 모바일 ...
m.site.naver.com",1,1,0,https://kin.naver.com/qna/detail.naver?d1id=11&dirId=110505&docId=491007276
2025-12-26 13:30:34,491007276,국가장학금 기초생활수급자,9,"국장 신청 기간 놓쳐서 2차에 신청하려구 하는데요
기초생활수급자라 전액 지원해준다고 알고잇는데
이러면 제가 등록금을 먼저 내면 다시 계좌로 들어오는건가요? 아니면 처음부터 등록금을 안내는건가요??","기초생활수급자가 국가장학금 2차 신청을 하는 경우에도 전액 지원 대상은 맞습니다.
다만 등록금 처리 방식은 학교마다 다릅니다.
보통은
① 먼저 등록금을 납부하고 →
② 국가장학금이 사후에 학생 계좌로 환급되는 방식이 가장 흔합니다.
하지만 일부 학교는
2차 신청자라도 장학금 지급 예정 확인이 되면
등록금을 선감면(차감) 해주는 경우도 있습니다.
 그래서 정확히는
다시 계좌로 돌려받는 경우가 많다고 보시면 되고,
등록금 고지서에 “국장 선감면”이 표시되면 처음부터 안 내도 되는 구조입니다.
결론:
대부분은 일단 납부 → 나중에 환급
학교마다 다르니 학교 학생지원팀/장학팀에 꼭 확인하세요.",2,0,0,https://kin.naver.com/qna/detail.naver?d1id=11&dirId=110505&docId=491007276
2025-12-26 13:30:37,491008150,이런 코도 마사지로 이뻐질 수 있나요?,17,"어렸을때부터 코가 콤플렉스에요
부모님이 코 성형은 제가 성인되면 시켜주신다는데 마사지나 그런걸로 좀 괜찮아질 방법 없나요?
앞에서 보면 진짜 이쁜 코인데 옆모습이 너무 자신없어요","코 마사지하면
인상이 바뀔 수 있어요
눈가에 자극이 되니까요",1,1,1,https://kin.naver.com/qna/detail.naver?d1id=8&dirId=8030403&docId=491008150
2025-12-26 13:30:37,491008150,이런 코도 마사지로 이뻐질 수 있나요?,17,"어렸을때부터 코가 콤플렉스에요
부모님이 코 성형은 제가 성인되면 시켜주신다는데 마사지나 그런걸로 좀 괜찮아질 방법 없나요?
앞에서 보면 진짜 이쁜 코인데 옆모습이 너무 자신없어요",저도 코가 제일 마음에 안 들어서 결국 성인 되고 나서 바로 수술했습니다 ㅜ 하지만 분명한 건 저도 다 해보았지만 마사지라도 하고와 안 한 것은 분명한 차이가 있습니다!! 매일 꾸준히 영상보고 따라하시다보면 붓기도 빠지며 분명한 차이가 있을 겁니다!,2,0,1,https://kin.naver.com/qna/detail.naver?d1id=8&dirId=8030403&docId=491008150
2025-12-26 13:30:40,491008060,알바하다 팁 받을때,18,알바하다가 팁을 받을 때 처음에 거절해야하나요? 바로 받아도 되나요?,"팁을 받았을 때 어떻게 해야 할지 고민될 수 있습니다. 보통 손님께서 주시는 팁은 서비스에 대한 개인적인 감사 표시로 여겨지며, 팁을 받은 직원이 가지는 것이 일반적입니다. 가게 매출과는 별개로 보는 경우가 많습니다.
하지만 혹시 모를 오해를 줄이기 위해, 아르바이트를 시작하실 때 사장님과 팁에 대한 정책을 미리 확인해보시는 것이 가장 좋습니다. 만약 특별한 언급이 없다면, 대부분의 경우 감사히 받고 본인이 소유하셔도 괜찮습니다.",1,1,0,https://kin.naver.com/qna/detail.naver?d1id=4&dirId=40611&docId=491008060
2025-12-26 13:30:40,491008060,알바하다 팁 받을때,18,알바하다가 팁을 받을 때 처음에 거절해야하나요? 바로 받아도 되나요?,바로 받아도 되여 ㅋㅋㅎ,2,0,0,https://kin.naver.com/qna/detail.naver?d1id=4&dirId=40611&docId=491008060
2025-12-26 13:30:40,491008060,알바하다 팁 받을때,18,알바하다가 팁을 받을 때 처음에 거절해야하나요? 바로 받아도 되나요?,"알바하면서 팁 받을 때 
바로 받아도 돼요 고맙게요!",3,0,0,https://kin.naver.com/qna/detail.naver?d1id=4&dirId=40611&docId=491008060
2025-12-26 13:30:40,491008060,알바하다 팁 받을때,18,알바하다가 팁을 받을 때 처음에 거절해야하나요? 바로 받아도 되나요?,"알바하다 팁 받을 때 받으면 돼요! 
기분 좋게 고맙다고 인사하면 좋아요",4,0,0,https://kin.naver.com/qna/detail.naver?d1id=4&dirId=40611&docId=491008060
2025-12-26 13:30:44,491007879,차단 했다가 풀었다가 톡 하는 여자 뭣 땜에 그럼?,20,"본인이 연락 안 하는 건 상관 없고

내가 연락 안하면 안한다고 뭐라 하고...

내가 좀 서운한 듯한 말 하면 미안하다면서 차단 하고

하루? 지나서 차단 풀고 톡 하고...

뭣 땜에 이럴까요?

지금까지 총 3번 차단 하고 하루 이틀 후에 풀고 톡 하더라구요","외로움이 큰 사람이라 관심 받는거 좋아해서 저렇게 하는겁니다.
님을 아래로 보면서 나한테는 시간 써주길 바라는거져
손절이 답이에요 ㅠㅠ",1,1,0,https://kin.naver.com/qna/detail.naver?d1id=8&dirId=80101&docId=491007879
2025-12-26 13:30:44,491007879,차단 했다가 풀었다가 톡 하는 여자 뭣 땜에 그럼?,20,"본인이 연락 안 하는 건 상관 없고

내가 연락 안하면 안한다고 뭐라 하고...

내가 좀 서운한 듯한 말 하면 미안하다면서 차단 하고

하루? 지나서 차단 풀고 톡 하고...

뭣 땜에 이럴까요?

지금까지 총 3번 차단 하고 하루 이틀 후에 풀고 톡 하더라구요",그냥 그 아이 신경쓰지마세요,2,0,0,https://kin.naver.com/qna/detail.naver?d1id=8&dirId=80101&docId=491007879
2025-12-26 13:30:44,491007879,차단 했다가 풀었다가 톡 하는 여자 뭣 땜에 그럼?,20,"본인이 연락 안 하는 건 상관 없고

내가 연락 안하면 안한다고 뭐라 하고...

내가 좀 서운한 듯한 말 하면 미안하다면서 차단 하고

하루? 지나서 차단 풀고 톡 하고...

뭣 땜에 이럴까요?

지금까지 총 3번 차단 하고 하루 이틀 후에 풀고 톡 하더라구요",저도 여자입장에서 본다면 지금 현재 만나는 사람이 따로 있거나 다른 분과 또 연락하는 경우가 크다고 생각합니다 차단하는 이유는 그동안 연락이 와도 안 보이고 신경을 쓰지 않아도 되기 때문입니다.,3,0,0,https://kin.naver.com/qna/detail.naver?d1id=8&dirId=80101&docId=491007879
2025-12-26 13:30:44,491007879,차단 했다가 풀었다가 톡 하는 여자 뭣 땜에 그럼?,20,"본인이 연락 안 하는 건 상관 없고

내가 연락 안하면 안한다고 뭐라 하고...

내가 좀 서운한 듯한 말 하면 미안하다면서 차단 하고

하루? 지나서 차단 풀고 톡 하고...

뭣 땜에 이럴까요?

지금까지 총 3번 차단 하고 하루 이틀 후에 풀고 톡 하더라구요",이기적인거죠,4,0,0,https://kin.naver.com/qna/detail.naver?d1id=8&dirId=80101&docId=491007879
2025-12-26 13:30:46,491007736,피부 발진 원인 궁금합니다.,17,"늦여름에 강원도에 다녀온 후 피부 발진이 보였습니다.
수포가 올라온 듯 보였는데 처음엔 대상포진인가 했습니다.

피부과에 가보니 벌레 물린 것 같다고 했고,
연고 처방을 해줬는데 지금까지 전혀 가라앉지 않습니다.
가렵지도 따갑지도 않은데 너무 신경쓰이고 걱정됩니다.

그런데 얼마전부터 동일한 수포?발진? 갯수가 더 많아졌습니다. 얼굴이랑 하체는 안올라오는데 상체(팔, 배, 등) 에만 올라옵니다.

피부과가도 명확하지않고.. 왜 이런건지 알려주시면 감사하겠습니다.","사진과 경과를 종합해 보면
가렵거나 아프지 않은 상태로
상체에만 비슷한 모양의 발진이 늘어나는 점에서
몸 무좀으로 불리는 체부백선 양상과 잘 맞습니다.
이 경우 벌레 물림이나 대상포진과 달리
연고를 발라도 오래 지속되고
시간이 지나며 같은 형태로 개수가 늘어나는 특징이 있습니다.
여름 이후, 땀과 피지 증가, 여행 환경 변화가
계기가 되는 경우도 흔합니다.
일반 스테로이드 연고는
겉보기 염증만 눌러 일시적으로 유지되거나
오히려 병변을 오래 끌 수 있습니다.
때문에 약국에서 항진균제 연고를 구입해
아침, 저녁 하루 두 번 이상
최소 2주 이상 꾸준히 바르시는 것을 권합니다.
또한 일반 세정제로는 진균 제거가 어려워
깨끗이 씻어도 남아있는 진균 때문에 퍼지는 경우가 많습니다.
때문에 세정 시에는 좀비누 같은 항진균 비누로
병변 부위 전체에 1-3분간 거품 세정을 하신 후 연고를 바르면
병변을 빠르게 잡는데 도움이 많이 됩니다.
도움이 되셨다면 채택 부탁드립니다.
감사합니다.",1,1,0,https://kin.naver.com/qna/detail.naver?d1id=7&dirId=70111&docId=491007736
2025-12-26 13:30:46,491007736,피부 발진 원인 궁금합니다.,17,"늦여름에 강원도에 다녀온 후 피부 발진이 보였습니다.
수포가 올라온 듯 보였는데 처음엔 대상포진인가 했습니다.

피부과에 가보니 벌레 물린 것 같다고 했고,
연고 처방을 해줬는데 지금까지 전혀 가라앉지 않습니다.
가렵지도 따갑지도 않은데 너무 신경쓰이고 걱정됩니다.

그런데 얼마전부터 동일한 수포?발진? 갯수가 더 많아졌습니다. 얼굴이랑 하체는 안올라오는데 상체(팔, 배, 등) 에만 올라옵니다.

피부과가도 명확하지않고.. 왜 이런건지 알려주시면 감사하겠습니다.","발진 인데 로션부터 잘 발라보세요 
답변에 도움이 되셨으면 채택 부탁드립니다!!",2,0,0,https://kin.naver.com/qna/detail.naver?d1id=7&dirId=70111&docId=491007736
2025-12-26 13:30:50,491007188,2002년의 중학생은 왜 휴대전화 소지자가 적었을까요?,15,때문에 당해년도에 같은학원을 다닌 친구들의 전화번호를 못따서 이듬해에 학원을 다른곳으로 옮긴후로 연락이 끊어졌습니다.,"03년도 부터 핸드폰 가입자가 3300만 
그래서 02년도까진 3천만이 안됐을 거 같습니다 
그 당시까지만 해도 부모님들이 
핸드폰 요금때문에 안해준다거나
아이의 정서나 다른애들과 문자 중독이라거나
여러가지 이유로 공부에 전념하라고 
폰을 안해준 경우도 있었기에....
02년도 미성년자 폰 보급률이 상당이 낮았습니다
02년도 당시 그래도 대학생들은 90%이상 소유했다고 합니다...
저도 02년 당시 중학생이였는데 폰 없었어요
고등학교 들어가서 생겼습니다 ㅠ",1,1,0,https://kin.naver.com/qna/detail.naver?d1id=6&dirId=61303&docId=491007188
2025-12-26 13:30:52,491007739,학교에서 모레주머니 차기,19,"제가 중3인데 한번 차고 다녀보고싶어서
그러는데 양쪽0.5kg정도면 무리 안가겠죠?","보통 좀 무거운 농구화가 한쪽 400g 초중반이죠. 
1kg(500+500g) 정도면 평소 착용하고 다녀도 크게 무리 없습니다.",1,1,0,https://kin.naver.com/qna/detail.naver?d1id=10&dirId=100401&docId=491007739
2025-12-26 13:30:52,491007739,학교에서 모레주머니 차기,19,"제가 중3인데 한번 차고 다녀보고싶어서
그러는데 양쪽0.5kg정도면 무리 안가겠죠?","네 맞습니다.
채택 부탁드립니다.",2,0,0,https://kin.naver.com/qna/detail.naver?d1id=10&dirId=100401&docId=491007739
2025-12-26 13:30:55,491007489,전남친 환승썰 어떻게 이래요???,23,"이별한지 9개월 정도 되가네요
서로 눈물 닦아주며 헤어졌고, 헤어진 이후에도 그 새끼가 저한테 전화걸고, 멀프 걸어놓고 별 짓을 다했습니다.
너무 많이 아프고 흔들렸지만 저는 이번년도 수험생이었기에 모든 행동들을 수험생이라는 핑계로 바라만 봤습니다. 너무나도 절망적이었어요
그러다 어느 날 멀프가 해제되서 봤더니 새여친이 생기셨는데 어제가 300일이었더라고요? 그러면 대충 계산해도 3월 초… 헤어지기 몇일 전. . .
사람이 어떻게 이래요 ? 첫사랑이고 그 기억으로 입시를 버텼고, 여전히 그때의 내가 내 인생의 척도가 되었어요. 나한테 미련 표시 할 때도 여친이 있었다는게 말이 안되요.. 진짜 심히 분개하고, 너무 많은 시간이 지나고서야 내 감정 기억 시선 모든게 부정당하는 것 같아서 너무너무 혐오스러워요.. 나는 이 엿같은 행위 하나를 알기 위해서 그렇게 절망적이었던 걸까요 어떻게 이러나요..? 이런 그지같은 감정 속에서는 도대체 어떻게 해야되는 건가요…",시간이 약입니다 이번엔 똥밟았다 생각하세요,1,1,0,https://kin.naver.com/qna/detail.naver?d1id=8&dirId=80101&docId=491007489
2025-12-26 13:30:55,491007489,전남친 환승썰 어떻게 이래요???,23,"이별한지 9개월 정도 되가네요
서로 눈물 닦아주며 헤어졌고, 헤어진 이후에도 그 새끼가 저한테 전화걸고, 멀프 걸어놓고 별 짓을 다했습니다.
너무 많이 아프고 흔들렸지만 저는 이번년도 수험생이었기에 모든 행동들을 수험생이라는 핑계로 바라만 봤습니다. 너무나도 절망적이었어요
그러다 어느 날 멀프가 해제되서 봤더니 새여친이 생기셨는데 어제가 300일이었더라고요? 그러면 대충 계산해도 3월 초… 헤어지기 몇일 전. . .
사람이 어떻게 이래요 ? 첫사랑이고 그 기억으로 입시를 버텼고, 여전히 그때의 내가 내 인생의 척도가 되었어요. 나한테 미련 표시 할 때도 여친이 있었다는게 말이 안되요.. 진짜 심히 분개하고, 너무 많은 시간이 지나고서야 내 감정 기억 시선 모든게 부정당하는 것 같아서 너무너무 혐오스러워요.. 나는 이 엿같은 행위 하나를 알기 위해서 그렇게 절망적이었던 걸까요 어떻게 이러나요..? 이런 그지같은 감정 속에서는 도대체 어떻게 해야되는 건가요…",헤어졌으면 뭘하든 생각하지마세요,2,0,0,https://kin.naver.com/qna/detail.naver?d1id=8&dirId=80101&docId=491007489
2025-12-26 13:30:55,491007489,전남친 환승썰 어떻게 이래요???,23,"이별한지 9개월 정도 되가네요
서로 눈물 닦아주며 헤어졌고, 헤어진 이후에도 그 새끼가 저한테 전화걸고, 멀프 걸어놓고 별 짓을 다했습니다.
너무 많이 아프고 흔들렸지만 저는 이번년도 수험생이었기에 모든 행동들을 수험생이라는 핑계로 바라만 봤습니다. 너무나도 절망적이었어요
그러다 어느 날 멀프가 해제되서 봤더니 새여친이 생기셨는데 어제가 300일이었더라고요? 그러면 대충 계산해도 3월 초… 헤어지기 몇일 전. . .
사람이 어떻게 이래요 ? 첫사랑이고 그 기억으로 입시를 버텼고, 여전히 그때의 내가 내 인생의 척도가 되었어요. 나한테 미련 표시 할 때도 여친이 있었다는게 말이 안되요.. 진짜 심히 분개하고, 너무 많은 시간이 지나고서야 내 감정 기억 시선 모든게 부정당하는 것 같아서 너무너무 혐오스러워요.. 나는 이 엿같은 행위 하나를 알기 위해서 그렇게 절망적이었던 걸까요 어떻게 이러나요..? 이런 그지같은 감정 속에서는 도대체 어떻게 해야되는 건가요…",헤어진지 오래됐고 그 사실을 이제 알았으면 진짜 충격일 것 같아요.. 그런놈 신경쓰지말고 더 좋은남자 만나요 빨리 잊어야 빨리 좋은남자 만날거에요..,3,0,0,https://kin.naver.com/qna/detail.naver?d1id=8&dirId=80101&docId=491007489
2025-12-26 13:30:55,491007489,전남친 환승썰 어떻게 이래요???,23,"이별한지 9개월 정도 되가네요
서로 눈물 닦아주며 헤어졌고, 헤어진 이후에도 그 새끼가 저한테 전화걸고, 멀프 걸어놓고 별 짓을 다했습니다.
너무 많이 아프고 흔들렸지만 저는 이번년도 수험생이었기에 모든 행동들을 수험생이라는 핑계로 바라만 봤습니다. 너무나도 절망적이었어요
그러다 어느 날 멀프가 해제되서 봤더니 새여친이 생기셨는데 어제가 300일이었더라고요? 그러면 대충 계산해도 3월 초… 헤어지기 몇일 전. . .
사람이 어떻게 이래요 ? 첫사랑이고 그 기억으로 입시를 버텼고, 여전히 그때의 내가 내 인생의 척도가 되었어요. 나한테 미련 표시 할 때도 여친이 있었다는게 말이 안되요.. 진짜 심히 분개하고, 너무 많은 시간이 지나고서야 내 감정 기억 시선 모든게 부정당하는 것 같아서 너무너무 혐오스러워요.. 나는 이 엿같은 행위 하나를 알기 위해서 그렇게 절망적이었던 걸까요 어떻게 이러나요..? 이런 그지같은 감정 속에서는 도대체 어떻게 해야되는 건가요…","걍 무시하고 잘 지내는거 보여주시면 됩니다
답변에 도움이 되셨으면 채택 부탁드립니다!!",4,0,0,https://kin.naver.com/qna/detail.naver?d1id=8&dirId=80101&docId=491007489
2025-12-26 13:30:59,491007938,궁금증질문,21,옛날에는 먹을게 없어서 교회가서 빵먹었는데 교회는 어떻게 빵살돈이 있었나요?,각종 헌금,1,1,0,https://kin.naver.com/qna/detail.naver?d1id=6&dirId=60901&docId=491007938
2025-12-26 13:30:59,491007938,궁금증질문,21,옛날에는 먹을게 없어서 교회가서 빵먹었는데 교회는 어떻게 빵살돈이 있었나요?,"예전에 사람들이 교회 가서 빵을 먹었다는 말은 교회가 개인 돈으로 빵을 사 나눠줬다기보다, 공동체가 모은 자원으로 나눈 것에 가깝습니다. 교회는 오래전부터 개인 한 사람이 운영하는 곳이 아니라 여러 신자가 조금씩 헌금·곡식·노동을 보태 유지되는 공동체였습니다.
특히 전쟁 직후나 가난했던 시기에는 미국·유럽 교회나 선교 단체에서 밀가루, 분유 같은 구호물자가 들어왔고, 이를 국내 교회가 배급하는 역할을 했습니다. 그래서 “교회엔 먹을 게 있다”는 인식이 생긴 겁니다.
또 교회는 자체적으로 구제 헌금, 구제 창고를 두고 가장 어려운 사람에게 우선 나눴습니다. 사제가 따로 큰돈을 갖고 있어서가 아니라, 모이면 힘이 되는 구조였던 거죠.
정리하면, 교회가 빵 살 돈이 있어서라기보다 사람들이 서로 도우려고 만든 시스템과 외부 구호 덕분에 가능했던 일입니다.",2,0,0,https://kin.naver.com/qna/detail.naver?d1id=6&dirId=60901&docId=491007938
2025-12-26 13:30:59,491007938,궁금증질문,21,옛날에는 먹을게 없어서 교회가서 빵먹었는데 교회는 어떻게 빵살돈이 있었나요?,"어려움에도 공동체 성도들은 한푼 두푼
십시일반 으로 모아서 먹을 것을 나눠주었습니다
헌금이 없다면 과거나 현재나 교회를
운영하기 어려울 것입니다
저희 교회는 6.25가 끝날쯤에 건축했는데
당시에는 성도들이 개별로 벽돌이든
시멘트니 개인마다 사왔고 그것으로
 교회를 세웠습니다",3,0,0,https://kin.naver.com/qna/detail.naver?d1id=6&dirId=60901&docId=491007938
2025-12-26 13:31:01,491007986,보조배터리 오류,16,"아까 밖에 갖고 나간 보조배터리가 있는데
핸드폰이 64% 정도라 더 충전하려고 꼽았을 때
보조배터리가 0%로 뜨면서 안 됐었거든요
그래서 좀 전에 집에 와서 보조배터리 충전하려고 보니까 99%던데 이런 오류도 있을 수 있을까요 ㅜㅜ
분명 0%였는데 집에 와서 보니까 99%에요
좀 무서워요 ㅜㅜ","보조배터리가 오래되면 추운데서 고속충전을 시도했을 때 전압강하가 심하게 발생하여 동작 못하고 꺼지는 경우가 있기는 합니다.
근데 99%에서 0%를 순간적으로 오가는 건 그렇다고 해도 좀 심하긴 하네요. 다른 원인이 있었을 수도 있을 것 같은데.. 아무튼 제가 말한 경우 (추운데서 금방 꺼지는 경우) 가 맞는지 확인해 보시고, 그런 경우가 맞다 싶으시면 교체를 권합니다.",1,1,0,https://kin.naver.com/qna/detail.naver?d1id=1&dirId=1070401&docId=491007986
2025-12-26 13:31:03,491007159,국가장학금,21,이번에 26학번 신입생인데 1차 기한을 놓쳐서..2차해도 별다른 손해 없겠죠..?,"2026학년도 신입생이 되시는 것을 축하드립니다! 결론부터 말씀드리면, 국가장학금 2차 신청을 한다고 해서 받는 금액이 줄어드는 등의 직접적인 불이익은 전혀 없습니다.",1,1,0,https://kin.naver.com/qna/detail.naver?d1id=11&dirId=110503&docId=491007159
2025-12-26 13:31:03,491007159,국가장학금,21,이번에 26학번 신입생인데 1차 기한을 놓쳐서..2차해도 별다른 손해 없겠죠..?,"[답변]
1차 기간을 놓쳐 2차에 신청을 해도 직접적인 불이익은 없습니다.
하지만, 2차 신청을 하게 된다면 몇가의 간접적인 불이익은 발생합니다.
1차보다 2차 심사기간이 길기 때문에 등록금 납부기한 이후에 장학금
지급이 될 수 있습니다.
또한, 몇가지의 불이익 사항이 있습니다.
아래를 참고하여 다음에는 불이익을 받지 않으셨으면 좋겠습니다.
국가장학금 서류와 신청 방법
국가장학금은 대학생이라면 꼭 챙겨야 할 필수적인 지원 제도입니다. 신청 절차부터 필요한 서류, 자주 묻는 질문까지 꼼꼼하게 정리했으니, 장학금 신청에 성공하시기를 바랍니다! 1️⃣ 국가장학금 신청방법 국가장학금 신청은 한국장학재단 홈페이지 또는 모바일 ...
m.site.naver.com",2,1,0,https://kin.naver.com/qna/detail.naver?d1id=11&dirId=110503&docId=491007159
2025-12-26 13:31:03,491007159,국가장학금,21,이번에 26학번 신입생인데 1차 기한을 놓쳐서..2차해도 별다른 손해 없겠죠..?,"2차 신청자랑 1차 신청자랑
별다른 손해는 없습니다.
다만 대학 재학 기간중 2차 신청은 최대 2회까지만 
된다는것을 아셔야 할것입니다.",3,0,0,https://kin.naver.com/qna/detail.naver?d1id=11&dirId=110503&docId=491007159
2025-12-26 13:31:06,491007420,JLPT 급수 추천,13,"2026년에 jlpt를 따보려 하는데요
애니로 배운 일본어로… 청해는 n2까지 가능합니다

근데 글자를 아예몰라요ㅜ 진짜 꼬막눈…
길게보면 12월꺼 짧으면 7월꺼 할까 싶은데
급수를 뭘 하면 좋을까요?

다들 노베이스 벼락치기로 n3도 본다고 해서
반년정도니까 그냥 n2할까 싶기도 해요!

추천 부탁드립니다…
교재나 공부법도 같이 추천해주세요","안녕하세요!
우선,
GPT 돌린 자동화 답변은 신고 및 차단 박으시기 바라겠습니다.
"" 애니로 배운 "" 이라는 것부터 잘못된 접근법입니다.
애니로 배운 일본어는,
제대로 된 일본어와 거리가 멉니다.
그렇기 때문에,
일본인 입장에서 애니로 일본어를 배운 사람을 마주하면,
???? 
하고 별 희한한 사람이네~ 라고 느끼는 분들이 많지만,
정작 티를 내지 않고 그냥 대응을 해 주니,
이게 마치 "" 내 입장 "" 에선 일본어를 그만큼 할 줄 안다는 식의 "" 착각 "" 으로 이어진다는 것이죠.
N3는,
기초 교재 - N5 - N4를 "" 전부 다 "" 학습하면 3급인 것이고,
N2는
기초 교재 - N5 - N4 - N3를 "" 전부 다 "" 학습해야 2급입니다.
JLPT는 단계를 건너뛸만큼,
만만한 시험이 또 아니구요.
글자를 모르면,
당연히 ' 첫 걸음 ' 이라는 타이틀이 붙은 "" 기초 교재 "" 들어가셔서,
히라가나, 가타카나부터 배우셔야겠지요?
그리고,
기본적인 문법 및 단어도 학습하시구요.
본인이 주워먹은 게 많다면 일반 학습자에 비해 떼는 속도는 빠르실테니,
이거 하나 장점 
또,
청해는 2급까지 다 가능하다면 이것도 보험으로 삼으면 이거 하나 장점
이 "" 2가지의 장점 "" 을 살려서,
"" 올바른 공부 순서 "" 에 맞춰서 공부하시기 바랍니다.
<올바른 공부 순서>
(1) 기초 교재 (첫 걸음이라는 타이틀이 붙어있는 교재)
(2) JLPT N5
(3) JLPT N4
(4) JLPT N3
(5) JLPT N2
(6) JLPT N1
이렇게 하시고,
내년 7월은 N4가 현실적이겠지요.
본인이 아는 게 많아서 떼는 속도가 빠르면서,
하루종일 일본어 공부를 하면서 이걸 바로 자기것으로까지 만들 수 있다면 N3
허나,
현 시점에서는 많이 빠듯하고 무모합니다.
나머진,
본인이 올바른 공부 순서로 공부하시면서,
시험 접수 기간에 양을 보고 잘 판단을 내리시기 바랍니다.
여긴,
JLPT 급수를 추천해주는 곳이 아닙니다.
학습자마다 학습 능력이 천차만별이기 때문에,
그냥 추상적으로밖에 안되지요.
감사합니다!",1,1,0,https://kin.naver.com/qna/detail.naver?d1id=11&dirId=11080407&docId=491007420
2025-12-26 13:31:06,491007420,JLPT 급수 추천,13,"2026년에 jlpt를 따보려 하는데요
애니로 배운 일본어로… 청해는 n2까지 가능합니다

근데 글자를 아예몰라요ㅜ 진짜 꼬막눈…
길게보면 12월꺼 짧으면 7월꺼 할까 싶은데
급수를 뭘 하면 좋을까요?

다들 노베이스 벼락치기로 n3도 본다고 해서
반년정도니까 그냥 n2할까 싶기도 해요!

추천 부탁드립니다…
교재나 공부법도 같이 추천해주세요",길게보고 공부해서 N2보시는 거 추천드려요,2,0,0,https://kin.naver.com/qna/detail.naver?d1id=11&dirId=11080407&docId=491007420
2025-12-26 13:31:06,491007420,JLPT 급수 추천,13,"2026년에 jlpt를 따보려 하는데요
애니로 배운 일본어로… 청해는 n2까지 가능합니다

근데 글자를 아예몰라요ㅜ 진짜 꼬막눈…
길게보면 12월꺼 짧으면 7월꺼 할까 싶은데
급수를 뭘 하면 좋을까요?

다들 노베이스 벼락치기로 n3도 본다고 해서
반년정도니까 그냥 n2할까 싶기도 해요!

추천 부탁드립니다…
교재나 공부법도 같이 추천해주세요","N3 추천합니다.
기초부터 다지기 좋고, 애니로 배운 내용이 도움이 될 거예요.
교재:
- 'みんなの日本語' (Minna no Nihongo)
- '新完全マスター' (Shin Kanzen Master)
공부법:
1. 매일 단어와 문법 정리
2. 청해 연습: 일본 애니/드라마 자주 보기
3. 기출 문제 풀이로 시험 감각 익히기
반년 간 열심히 해보세요!",3,0,1,https://kin.naver.com/qna/detail.naver?d1id=11&dirId=11080407&docId=491007420
2025-12-26 13:31:09,491007183,대학교 어디 가야할까요 ㅠ,10,"3d배경그래픽쪽으로 취업하고싶은데
경기과학기술대 게임콘텐츠학과랑
용인예술과학대 컴퓨터게임과중 어디를 가야할까요?
어디가 취업에 도움이 될까요?

이쪽분야에 대해 잘아시는분 답변 부탁드려요 ㅠㅠ",경기과학기술대에 한표,1,1,0,https://kin.naver.com/qna/detail.naver?d1id=11&dirId=11050404&docId=491007183
2025-12-26 13:31:12,491007721,레터링 스티커 대량 제작 업체 찾습니다!,13,"레터링 스티커 대량 제작 가능한 업체를 찾습니다.

장기적으로 대량(?)으로 제작판매가 가능한 업체를 찾고 있구요.
판매량에 따라 변동이 있을 수 있는데,
월 기준 200-300개 정도 주문을 예상하고 있습니다.

스티커 제작은 어디로 문의드려야 하는지 몰라서,
지식인에 문의 남겨봅니다!

단가를 러프하게나마 남겨주시면 감사드리구요!
업체명이나 연락처 남겨주시면 연락드리겠습니다~

[사이즈]
가로 170mm
세로 170mm
*빨간색 직경으로 표시해두었습니다.

[사진예시]","스티커 제작 업체 찾고 계시네요~
170*170mm / 투명재질 - 최소 수량은 500매이며 
대략 150,000 입니다.
다른 재질로 하시면 
조금 더 저렴하게 이용하실수 있습니다.
참고하시기 바래요!
스티커 제작 더보기",1,1,0,https://kin.naver.com/qna/detail.naver?d1id=3&dirId=31302&docId=491007721
2025-12-26 13:31:16,491007140,신한마이카 대출후 자동차 판매,25,"2년전쯤 신한 마이카 대출을 받아서
차를 구매하였고 자동차 기변을 위해
팔려고하는데 현재 대출 50퍼 정도 남아잇는 상태이고
차를팔고 은행에 남은 대출금를 상환해야하는지
아니면 다른차 구매하고 월 납입일에 맞춰서 계속 상횐하면
되는지 물어봅니다","차량 판매 시에는 해당 대출금 전액을 중도상환해야 합니다. 상환하지 않고 차량만 판매하면 본인 명의의 소유권이전이 안 되거나 차량이 압류될 수 있고, 연체 등으로 신용상 불이익을 받을 수 있으니, 차량 판매 전 신한은행에 문의하여 상환 절차를 진행하는 것이 중요합니다. 
판매해서 구매한쪽에 문제가 생길 수 있어요
그 차량에 대한 담보대출입니다
차량 판매를 결정했다면, 신한은행 고객센터(1577-9561 등)나 방문을 통해 중도상환 절차를 문의하고, 남은 대출 원리금 확인 후 상환해야 합니다.",1,1,0,https://kin.naver.com/qna/detail.naver?d1id=8&dirId=8110104&docId=491007140
2025-12-26 13:31:16,491007140,신한마이카 대출후 자동차 판매,25,"2년전쯤 신한 마이카 대출을 받아서
차를 구매하였고 자동차 기변을 위해
팔려고하는데 현재 대출 50퍼 정도 남아잇는 상태이고
차를팔고 은행에 남은 대출금를 상환해야하는지
아니면 다른차 구매하고 월 납입일에 맞춰서 계속 상횐하면
되는지 물어봅니다","계신곳으로 방문해서 당일이전 구입합니다.
우선은 질문자님을 만나고 차량을 먼저 보기 위해서
답변으로는 무조건 높은 금액을 제시한뒤에
차를 보고나서 이것저것 흠을 잡아서 터무니없이 감가를 하다가
서로 기분만 상하고 시간만 버린채로 매입을 못하게되는
그런 어리석은 행동은 하지 않습니다.",2,0,0,https://kin.naver.com/qna/detail.naver?d1id=8&dirId=8110104&docId=491007140
2025-12-26 13:31:16,491007140,신한마이카 대출후 자동차 판매,25,"2년전쯤 신한 마이카 대출을 받아서
차를 구매하였고 자동차 기변을 위해
팔려고하는데 현재 대출 50퍼 정도 남아잇는 상태이고
차를팔고 은행에 남은 대출금를 상환해야하는지
아니면 다른차 구매하고 월 납입일에 맞춰서 계속 상횐하면
되는지 물어봅니다","차량에 저당설정이 없어시면 차량판매
하시고 남은 할부금은 연체없이 납부하시면 됩니다 
판매할려는 차종과 차량등급과 옵션 
색상 키로수 사고유무 알려주세요 
구입할려는 차종도 차량등급과 옵션
색상 차량등록지역 알려주세요 
할부하신다면 할부하실금액과 할부개월수도 알려주세요 
질문내용 포함하여 메일 알려주시면 
차량구입 견적서 메일로 상세한상담 해드리겟습니다",3,0,0,https://kin.naver.com/qna/detail.naver?d1id=8&dirId=8110104&docId=491007140
2025-12-26 13:31:18,491007174,인터넷 구매한 상품 실제 매장에서 환불 가능한가요,14,물건마다 바코드 있잖아요 그거 같은 제품이어도 바코드 다 다른가요? 인터넷에서랑 매장에서 같은 제품 각각 샀는데 인터넷에서 산거 매장 들고가서 반품 가능한가요? 영수증이랑 다 있어요,"못합니다.
같은 브랜드 제품이라고 해도 인터넷으로 구매한 제품을
오프라인 매장에서 교환 환불해주지 않습니다
브랜드는 같지만 인터넷판매자와 오프라인 매장 운영자는 개별적인 사업자입니다
개인적으로 운영하는 매장에서 다른 매장의 판매물품을 책임질 이유가 없습니다",1,1,0,https://kin.naver.com/qna/detail.naver?d1id=5&dirId=511&docId=491007174
2025-12-26 13:31:18,491007174,인터넷 구매한 상품 실제 매장에서 환불 가능한가요,14,물건마다 바코드 있잖아요 그거 같은 제품이어도 바코드 다 다른가요? 인터넷에서랑 매장에서 같은 제품 각각 샀는데 인터넷에서 산거 매장 들고가서 반품 가능한가요? 영수증이랑 다 있어요,"인터넷 구매한 상품 매장 환불은 
매장 정책 따라 달라요 
바코드는 제품마다 다를 수 있어요",2,0,0,https://kin.naver.com/qna/detail.naver?d1id=5&dirId=511&docId=491007174
2025-12-26 13:31:18,491007174,인터넷 구매한 상품 실제 매장에서 환불 가능한가요,14,물건마다 바코드 있잖아요 그거 같은 제품이어도 바코드 다 다른가요? 인터넷에서랑 매장에서 같은 제품 각각 샀는데 인터넷에서 산거 매장 들고가서 반품 가능한가요? 영수증이랑 다 있어요,"인터넷 구매한 상품 실제 매장에서 환불 가능한가요 
보통 온라인·오프라인 시스템이 달라 매장 환불은 안 되는 경우가 많아요! 
바코드는 동일 제품이면 같을 수 있지만 환불 기준은 결제 채널 기준이라 보시면 돼요!",3,0,0,https://kin.naver.com/qna/detail.naver?d1id=5&dirId=511&docId=491007174
2025-12-26 13:31:18,491007174,인터넷 구매한 상품 실제 매장에서 환불 가능한가요,14,물건마다 바코드 있잖아요 그거 같은 제품이어도 바코드 다 다른가요? 인터넷에서랑 매장에서 같은 제품 각각 샀는데 인터넷에서 산거 매장 들고가서 반품 가능한가요? 영수증이랑 다 있어요,"인터넷 구매한 상품 실제 매장에서 환불 가능한가요 
보통 온라인·오프라인 시스템이 달라 매장 환불은 어렵고 
바코드는 같은 제품이면 동일하지만 환불은 구매처 기준이십니다",4,0,0,https://kin.naver.com/qna/detail.naver?d1id=5&dirId=511&docId=491007174
2025-12-26 13:31:21,491007173,다이소에 베이킹파우더 파나요?...,23,"다이소에 베이킹파우더 파나요?
만들고 싶은 디저트가 있는데ㅜㅜㅜㅜ
알려주세요!!!","베이킹 파우더 다이소에서 팔수도 있습니다 큰 매장 가보거나  슈퍼나 대형마트도 가보세요
검색해보니 다이소에서 구매해서 베이킹 했다는 블로그 글이있네요  다이소에서 샀다고 하네요
https://blog.naver.com/cresoo/224078091285
New!)베이킹
또 새로운 취미가 생겼다..! 그거슨 바로 베이킹.. 에겐녀의 필수 덕목 베이킹 지 빵은 지가 구워...
blog.naver.com",1,1,0,https://kin.naver.com/qna/detail.naver?d1id=8&dirId=8020207&docId=491007173
2025-12-26 13:31:21,491007173,다이소에 베이킹파우더 파나요?...,23,"다이소에 베이킹파우더 파나요?
만들고 싶은 디저트가 있는데ㅜㅜㅜㅜ
알려주세요!!!","베이킹파우더는 판매하지 않더라고요 
대형마트나 인터넷으로 구입하시는게 좋을거같아요",2,0,0,https://kin.naver.com/qna/detail.naver?d1id=8&dirId=8020207&docId=491007173
2025-12-26 13:31:21,491007173,다이소에 베이킹파우더 파나요?...,23,"다이소에 베이킹파우더 파나요?
만들고 싶은 디저트가 있는데ㅜㅜㅜㅜ
알려주세요!!!",다이소에는 없느걸로 알고잇어요,3,0,0,https://kin.naver.com/qna/detail.naver?d1id=8&dirId=8020207&docId=491007173
2025-12-26 13:31:24,491007766,환승연애에서 x가 없을수도 있나요?,8,"뒤늦게 환승연애 4를 보고있는데 (1,2,3 다 안봄) 환승연애에서 x가 없을수도 있다 막 이런얘기를 하는데 x가 없을수도 있는건가요??",네 설정에 따라 X가 없을 수도 있어요 즐겁게 시청해보세요!!,1,1,0,https://kin.naver.com/qna/detail.naver?d1id=3&dirId=3010202&docId=491007766
2025-12-26 13:31:27,491007951,혹시 이 애니메이션 아시는 분 있을까요?,21,"어릴 때 보던거라 기억은 잘 안나는데.. 밤 10시 이후에 방영했던거라 완전 어린이용 만화는 아닌거같고 내용 기억 나는건
되게 이쁜 여캐 나오는데 머리는 금발이고 천사라고 ?
(달빛천사 아님) 그랬던거같은데 기억 나시는 분 있을까요? ㅠ 추가로 뭔가 옥상에서 떨어지는거같은 장면이 기억에 나는데 도무지 모르겠네요 ㅜ 아마 제가 어릴때라 한 2005-2010사이에 투니버스에서 방영 했던거 같은데 확실하진 않아요 ㅜ","천사소녀 네티
카드캡터 체리
이중에 있을까요?",1,1,0,https://kin.naver.com/qna/detail.naver?d1id=3&dirId=30507&docId=491007951
2025-12-26 13:31:27,491007951,혹시 이 애니메이션 아시는 분 있을까요?,21,"어릴 때 보던거라 기억은 잘 안나는데.. 밤 10시 이후에 방영했던거라 완전 어린이용 만화는 아닌거같고 내용 기억 나는건
되게 이쁜 여캐 나오는데 머리는 금발이고 천사라고 ?
(달빛천사 아님) 그랬던거같은데 기억 나시는 분 있을까요? ㅠ 추가로 뭔가 옥상에서 떨어지는거같은 장면이 기억에 나는데 도무지 모르겠네요 ㅜ 아마 제가 어릴때라 한 2005-2010사이에 투니버스에서 방영 했던거 같은데 확실하진 않아요 ㅜ",말씀하신 애니메이션은 '마법소녀 리리컬 나노하'일 가능성이 높습니다. 금발의 여캐와 천사 같은 요소가 포함되어 있죠. 혹시 더 구체적인 내용이 필요하면 말씀해 주세요!,2,0,0,https://kin.naver.com/qna/detail.naver?d1id=3&dirId=30507&docId=491007951
2025-12-26 13:31:30,491008207,임영웅 2026년 1월 달력,27,임영웅 2026년 1월 시즌그리팅 새로운 달력 이미지 있나요?,"임영웅 가수의 2026년  1월 월페이퍼 보여드릴께요
2차 가공이나 상업적 이용은 금지랍니다",1,2,0,https://kin.naver.com/qna/detail.naver?d1id=1&dirId=1060304&docId=491008207
2025-12-26 13:31:30,491008207,임영웅 2026년 1월 달력,27,임영웅 2026년 1월 시즌그리팅 새로운 달력 이미지 있나요?,임영웅 26년 1월 달력 올려 드릴께요 ^^,2,0,0,https://kin.naver.com/qna/detail.naver?d1id=1&dirId=1060304&docId=491008207
2025-12-26 13:31:30,491008207,임영웅 2026년 1월 달력,27,임영웅 2026년 1월 시즌그리팅 새로운 달력 이미지 있나요?,"임영웅 가수 월페이퍼 1월 달력이미지입니다.
선비모습 참 잘어울리네요",3,0,0,https://kin.naver.com/qna/detail.naver?d1id=1&dirId=1060304&docId=491008207
2025-12-26 13:31:33,491007472,레이와 접촉사고 견적이게 맞나요?,17,"저는 오토바이고 상대방은 레이 근데 렌트카조합원이예요
제가 오토바이 책임보험밖에 안들었는데 배달 하고 집으로 귀가하는중 차선변경하며 뒤에오는 레이하고 부딪혀 사고가 났습니다 제과실이 많은 상태구요
저는 출퇴근용 책임보험만 들었는데 배달을 한건이라도 했다면 안된다고 하더라구요 그래서 제가 다 상대방 대인 대물을 물려줘야하는 상황인데 사고가 처음이라
레이차라 견적 나와봤자 200안 생각했는데 320이 나와서 이게 맞나 싶어서요 공임비가 180이 나올수 있나요? 몰라서 질문드려요","운전자보험이 있으시다면 채무부존재소송 등을 통해
금전적 손실을 최대한 줄일수 있는 전략을 마련하실수 있습니다
또한 형사절차가 진행될시 비용 부담 없이 변호사 조력을 받으실수 있고
형사합의 중재, 불기소·기소유예 다툼, 벌금 감형, 선고유예, 집행유예 가능성 확보 등
다양한 대응 전략을 펼칠 수 있습니다.
많은 분들이 벌금형 정도는 괜찮겠지라고 생각하지만
벌금도 전과에 해당하여
개인의 직업이나 상황에 따라 불이익이 생길 수도 있습니다.
운전자보험이 있으시다면 전문 상담을 받아보시길 권합니다.
네이버 카페 >>교통사고SOS<< 에서도
다양한 실제 사례와 정보를 확인하신후 문의 가능하십니다.
블로그제목 >> 책임보험 교통사고 형사처벌은 이걸로 해결할 수 있다
[출처] 작성자 교통사고 전문 TF
↑↑관련 블로그도 네이버에 검색해보시길 바랍니다.↑↑",1,1,0,https://kin.naver.com/qna/detail.naver?d1id=4&dirId=401030202&docId=491007472
2025-12-26 13:31:33,491007472,레이와 접촉사고 견적이게 맞나요?,17,"저는 오토바이고 상대방은 레이 근데 렌트카조합원이예요
제가 오토바이 책임보험밖에 안들었는데 배달 하고 집으로 귀가하는중 차선변경하며 뒤에오는 레이하고 부딪혀 사고가 났습니다 제과실이 많은 상태구요
저는 출퇴근용 책임보험만 들었는데 배달을 한건이라도 했다면 안된다고 하더라구요 그래서 제가 다 상대방 대인 대물을 물려줘야하는 상황인데 사고가 처음이라
레이차라 견적 나와봤자 200안 생각했는데 320이 나와서 이게 맞나 싶어서요 공임비가 180이 나올수 있나요? 몰라서 질문드려요","네네 저 견적대로 수리하면 저정도 금액이 나옵니다. 
큰 문제는 없어보이시는 견적이세요.",2,0,0,https://kin.naver.com/qna/detail.naver?d1id=4&dirId=401030202&docId=491007472
2025-12-26 13:31:33,491007472,레이와 접촉사고 견적이게 맞나요?,17,"저는 오토바이고 상대방은 레이 근데 렌트카조합원이예요
제가 오토바이 책임보험밖에 안들었는데 배달 하고 집으로 귀가하는중 차선변경하며 뒤에오는 레이하고 부딪혀 사고가 났습니다 제과실이 많은 상태구요
저는 출퇴근용 책임보험만 들었는데 배달을 한건이라도 했다면 안된다고 하더라구요 그래서 제가 다 상대방 대인 대물을 물려줘야하는 상황인데 사고가 처음이라
레이차라 견적 나와봤자 200안 생각했는데 320이 나와서 이게 맞나 싶어서요 공임비가 180이 나올수 있나요? 몰라서 질문드려요","비싼곳에서 견적 받으셨네요 .. 어쩔 수 없습니다 .. 
답변에 도움이 되셨으면 채택 부탁드립니다!!",3,0,0,https://kin.naver.com/qna/detail.naver?d1id=4&dirId=401030202&docId=491007472
2025-12-26 13:31:35,491007563,한자 뜻 알려주세요,17,저거 무슨뜻이에요?,"宿命숙명  // 宿 잘 숙(평소 숙) , 命 목숨 명(운수 명)
날 때부터 타고난 정(定)해진 운명(運命). 또는 피(避)할 수 없는 운명(運命).
연관 단어
유의어
宿分(숙분) 宿運(숙운) 定命(정명)",1,0,0,https://kin.naver.com/qna/detail.naver?d1id=11&dirId=11080201&docId=491007563
2025-12-26 13:31:35,491007563,한자 뜻 알려주세요,17,저거 무슨뜻이에요?,"숙명 (宿命) 
宿 (잘 숙) 
命 (목숨 명)",2,0,0,https://kin.naver.com/qna/detail.naver?d1id=11&dirId=11080201&docId=491007563
2025-12-26 13:31:38,491007494,아이폰 6s 홈 버튼 먹통,16,아이폰 6s를 공기계로 쓰고있는데 홈 버튼을 눌러도 작동이 안돼요 터치는 잘 되는데 홈 버튼이 안돼요 ㅠㅠ,"고장난거같스빈다
답변에 도움이 되셨으면 채택 부탁드립니다!!",1,1,0,https://kin.naver.com/qna/detail.naver?d1id=5&dirId=5010601&docId=491007494
2025-12-26 13:31:38,491007494,아이폰 6s 홈 버튼 먹통,16,아이폰 6s를 공기계로 쓰고있는데 홈 버튼을 눌러도 작동이 안돼요 터치는 잘 되는데 홈 버튼이 안돼요 ㅠㅠ,아이폰6s 홈버튼 3만원에 수리 가능합니다~,2,1,0,https://kin.naver.com/qna/detail.naver?d1id=5&dirId=5010601&docId=491007494
2025-12-26 13:31:42,491007496,STD 검사는 심리적 부담이 큰 검사인가요?,11,"STD 검사를 생각하면 괜히 긴장되고 불안해집니다.
이런 심리적 부담이 흔한 반응인지 궁금합니다.
검사 과정 자체가 스트레스를 크게 주는 편인지 알고 싶습니다.
불안 때문에 증상을 더 크게 느끼는 경우도 있는지 걱정됩니다.
검사를 미루는 게 오히려 더 스트레스가 될 수도 있는지 고민됩니다.
심리적 부담을 줄이면서 검사를 받는 방법이 있는지도 궁금합니다.
검사 전 마음가짐이 결과 해석에 영향을 주는지도 알고 싶습니다.
정신적인 부분에 대한 조언도 듣고 싶습니다.","STD 검사는 많은 사람에게 심리적 부담을 줍니다.
이런 반응은 흔하며, 검사 과정도 스트레스를 유발할 수 있습니다.
불안이 증상을 더 크게 느끼게 할 수 있으며, 미루는 것도 스트레스를 증가시킬 수 있습니다.
검사를 받기 전에 마음을 편안하게 하고, 믿을 수 있는 사람과 이야기하는 것이 도움이 됩니다.
검사 전 마음가짐은 결과 해석에 영향을 미칠 수 있으니 긍정적으로 생각하세요.
정신적인 부분에서는 심호흡이나 명상으로 긴장을 풀어보세요.",1,0,0,https://kin.naver.com/qna/detail.naver?d1id=7&dirId=70117&docId=491007496
2025-12-26 13:31:42,491007496,STD 검사는 심리적 부담이 큰 검사인가요?,11,"STD 검사를 생각하면 괜히 긴장되고 불안해집니다.
이런 심리적 부담이 흔한 반응인지 궁금합니다.
검사 과정 자체가 스트레스를 크게 주는 편인지 알고 싶습니다.
불안 때문에 증상을 더 크게 느끼는 경우도 있는지 걱정됩니다.
검사를 미루는 게 오히려 더 스트레스가 될 수도 있는지 고민됩니다.
심리적 부담을 줄이면서 검사를 받는 방법이 있는지도 궁금합니다.
검사 전 마음가짐이 결과 해석에 영향을 주는지도 알고 싶습니다.
정신적인 부분에 대한 조언도 듣고 싶습니다.","안녕하세요. 대한의사협회·네이버 지식iN 상담의사 홍인표 입니다.
STD 검사는 심리적 부담이 흔하지만, 실제 과정은 간단하고 결과가 불안을 줄여줍니다. 미루는 것보다 받는 것이 마음 건강에도 도움이 됩니다.",2,0,0,https://kin.naver.com/qna/detail.naver?d1id=7&dirId=70117&docId=491007496
2025-12-26 13:31:45,491007553,363144095371 GS택배 언제 도착할까요???,19,택배 언제 도착할지 궁금합니다~,정확한 도착일은 확인이 어렵습니다. GS택배 고객센터에 문의해 보세요.,1,0,0,https://kin.naver.com/qna/detail.naver?d1id=8&dirId=81302&docId=491007553
2025-12-26 13:31:45,491007553,363144095371 GS택배 언제 도착할까요???,19,택배 언제 도착할지 궁금합니다~,"현재 인수직전이라 오늘부터 배송시작해서 내일
토요일 받을확률이 높고 토요일도 택배합니다
조금만기다리세요
급한거같아 보자마자 칼답드렸는데
도움되었으면 채택해주고
궁금한점 추가질문주세요 ^^",2,0,0,https://kin.naver.com/qna/detail.naver?d1id=8&dirId=81302&docId=491007553
2025-12-26 13:31:45,491007553,363144095371 GS택배 언제 도착할까요???,19,택배 언제 도착할지 궁금합니다~,"내일 도착 예정입니다
답변에 도움이 되셨으면 채택 부탁드립니다!!",3,0,0,https://kin.naver.com/qna/detail.naver?d1id=8&dirId=81302&docId=491007553
2025-12-26 13:31:48,491007555,STD 검사 전 꼭 지켜야 할 주의사항이 있나요?,6,"STD 검사를 받기 전 준비가 필요한지 헷갈립니다.
검사 전 성관계가 결과에 영향을 줄 수 있는지도 궁금합니다.
질 세정이나 샤워가 검사 결과에 영향을 미치는지도 걱정됩니다.
복용 중인 약이 있다면 결과에 영향을 주는지도 알고 싶습니다.
검사 전 주의사항을 지키지 않으면 재검사가 필요한지도 궁금합니다.
정확도를 높이기 위해 꼭 지켜야 할 부분이 있는지 알고 싶습니다.
사소한 행동도 결과에 영향을 줄 수 있는지 궁금합니다.
검사 전 체크 포인트를 알고 싶습니다.","1. 검사 전 24-48시간 성관계를 피하세요.
2. 질 세정이나 샤워는 결과에 영향을 미칠 수 있습니다.
3. 복용 중인 약은 검사 결과에 영향을 줄 수 있으니 의사와 상담하세요.
4. 주의사항을 지키지 않으면 재검사가 필요할 수 있습니다.
5. 정확도를 위해 검사 전 주의사항을 꼭 지키는 것이 좋습니다.
6. 사소한 행동도 결과에 영향을 줄 수 있으니 신중하게 준비하세요.
7. 검사 전 체크 포인트는 성관계 금지, 세정 피하기 등입니다.",1,0,0,https://kin.naver.com/qna/detail.naver?d1id=7&dirId=70114&docId=491007555
2025-12-26 13:31:50,491007497,아이폰 xs max 충전 느림,20,"중고로 아이폰 xsmax 를 구매하였는데
구매한 첫날엔 괜찮다가
다음날 자고일어났는데 충전이 거의 아예 안돼있더라고요
이상함을 느끼긴했는데 학교가서 충전하려고
학교에서도 시도해봤는데 1시간에 2프로?
그정도밖에 충전이 안됐구요

다른 충전기로 다시 충전했을땐 다시 잘되길래 충전기 문제였나 싶어서 그냥 넘어갔는데요

그 다른 충전기도 얼마 가지않아 충전이 매우 더디게 되었습니다
지금은 3프로에서 충전하고있는데 충전중임에도 1프로로 떨어지고 다시 3프로로 올라가고 다시 1프로로떨어지는 그런 증세가 나타나고있구요 충전기 문제는 아닌ㄴ거같습니다 같은 충전기여도 다른 핸드폰을 충전하면 잘만돼요

배터리 성능은 83입니다
배터리 성능이 낮든 높든 그건 배터리가 얼마나 빨리 닳냐의 문제이고 충전은 잘돼야하는거아닌가요.? 기종이 더 낮은 세컨폰은 배터리 성능이 10프로이상 낮음에도 불구하고 잘만 충전됩니다

판매자는 사전에 배터리문제가있다고 얘기한적없습니다 성능에 문제 없다고 하셨습니다; 어떻게 해야될까요",배터리 성능이 83%라면 교체를 고려해야 합니다. 애플 서비스 센터에 가서 점검받는 것이 좋습니다.,1,0,0,https://kin.naver.com/qna/detail.naver?d1id=5&dirId=5010601&docId=491007497
2025-12-26 13:31:50,491007497,아이폰 xs max 충전 느림,20,"중고로 아이폰 xsmax 를 구매하였는데
구매한 첫날엔 괜찮다가
다음날 자고일어났는데 충전이 거의 아예 안돼있더라고요
이상함을 느끼긴했는데 학교가서 충전하려고
학교에서도 시도해봤는데 1시간에 2프로?
그정도밖에 충전이 안됐구요

다른 충전기로 다시 충전했을땐 다시 잘되길래 충전기 문제였나 싶어서 그냥 넘어갔는데요

그 다른 충전기도 얼마 가지않아 충전이 매우 더디게 되었습니다
지금은 3프로에서 충전하고있는데 충전중임에도 1프로로 떨어지고 다시 3프로로 올라가고 다시 1프로로떨어지는 그런 증세가 나타나고있구요 충전기 문제는 아닌ㄴ거같습니다 같은 충전기여도 다른 핸드폰을 충전하면 잘만돼요

배터리 성능은 83입니다
배터리 성능이 낮든 높든 그건 배터리가 얼마나 빨리 닳냐의 문제이고 충전은 잘돼야하는거아닌가요.? 기종이 더 낮은 세컨폰은 배터리 성능이 10프로이상 낮음에도 불구하고 잘만 충전됩니다

판매자는 사전에 배터리문제가있다고 얘기한적없습니다 성능에 문제 없다고 하셨습니다; 어떻게 해야될까요","판매자도 모르게 문제가 있을 수 있어요 센터가서 진단 받아보세요
답변에 도움이 되셨으면 채택 부탁드립니다!!",2,0,0,https://kin.naver.com/qna/detail.naver?d1id=5&dirId=5010601&docId=491007497
2025-12-26 13:31:55,491007556,강아지 잇몸 질문,14,"23년 1월에 태어난 강아지를 키우고 있는데

이빨이 아직 안빠진게 있는데 수술을 해서 빼야 하나요?

그리고 평소에 간식이나 사료 잘 먹어서 몰랐는데 어금니쪽에 치석이 조금 있더라구요

그래서 닦아주려고 잇몸을 살짝 눌렀는데 피가 살짝 나는데 

심각한건가요??","강아지의 유치가 빠지지 않는 경우, 수의사와 상담해 수술 여부를 결정하세요. 치석이 있으면 치아 건강에 문제를 일으킬 수 있으니, 정기적으로 치아 관리를 해주고, 출혈이 계속되면 수의사에게 진료받는 것이 좋습니다.",1,0,0,https://kin.naver.com/qna/detail.naver?d1id=8&dirId=80501&docId=491007556
2025-12-26 13:31:55,491007556,강아지 잇몸 질문,14,"23년 1월에 태어난 강아지를 키우고 있는데

이빨이 아직 안빠진게 있는데 수술을 해서 빼야 하나요?

그리고 평소에 간식이나 사료 잘 먹어서 몰랐는데 어금니쪽에 치석이 조금 있더라구요

그래서 닦아주려고 잇몸을 살짝 눌렀는데 피가 살짝 나는데 

심각한건가요??",수의사와 상담하여 수술 여부를 결정하세요.,2,0,0,https://kin.naver.com/qna/detail.naver?d1id=8&dirId=80501&docId=491007556
2025-12-26 13:31:57,491007558,성이 없는사람,7,성이 없고 이름만 가진 사람이 있나요? 해외든 한국이든 없을거 같은데 궁금합니다,법적으로 성이 없는 사람은 드뭅니다. 그러나 일부 문화나 개인 선택으로 성을 사용하지 않는 경우가 있을 수 있습니다.,1,0,0,https://kin.naver.com/qna/detail.naver?d1id=11&dirId=11080307&docId=491007558
2025-12-26 13:32:00,491007564,편도염? 인후통,13,"목이 아픈데 이거 편도결석인가요?
근데 여기가 편도가 아니지 않나요?
목구멍쪽이에요","편도 염증으로 보여집니다 ㅜㅠㅠ 
답변에 도움이 되셨으면 채택 부탁드립니다!!",1,0,0,https://kin.naver.com/qna/detail.naver?d1id=7&dirId=70102&docId=491007564
2025-12-26 13:32:05,491007576,억울한 스토킹 가해자 초범. 끝까지 읽어주세요,17,"전남친 28살
저는 21살 입니다

스토킹 진술 다 끝났습니다.
전남친에게 카톡과 전화를 3일에 걸쳐 약 300통 했습니다.
(카톡과 전화만 했습니다. 찾아간 적은 없습니다.)

이유는 전남친이 저의 강제로 촬영한 나체 동영상과 21살 저 혼자서 감당하기에 너무 악질적이고 가혹한 특수폭행, 특수상해 당해서 진심어린 사과를 받고 싶었고,
저의 나체 동영상이 지워졌는지 확인차원에서 갤러리 캡처 요구를 원해서 수차례 연락 한 것 입니다.
또한 전남친은 정보통신망 침해행위 저의 인스타를 몰래 영구적으로 삭제 하는 행위 등을 여러차례 하였고,
특수협박과 특수상해도 하였습니다.
그것들 모두 사과 받고 싶었습니다.

전남친이 연락 하지 말라고 했는데도 연락 한 것은 사실입니다.
그치만 제가 정신적으로 너무 힘든 상태라서 사과라도 받고 싶었습니다.
전남친에게 “신고하면 죽여버린다” 라는 협박을 받아 고소를 할 수 없는 상황이였습니다.

신고하면 죽여버린다 라는 협박은 전남친이 저에게 매번 했던 말이라 저는 정신적으로 세뇌 당한 상태였습니다.

강제로 저의 나체 동영상을 찍은 적도 많지만 특수폭행은 정말 만날 때 마다 여러번 당했어서 씻을 때 마다 저의 알몸을 못 볼 정도로 피멍과 흉터들이 저의 온몸에 다 있었습니다.
전남친은 (소주병, 커터칼, 공책, 저의 휴대폰, 면도칼, 돌맹이 등을 이용해 저를 때려왔습니다)

얼굴에도 흉터가 있었습니다.

저는 그로 인해서 자.살 시도까지 했었습니다.
전남친 때문에 정신과도 다니고 있구요.
전남친이 준 트라우마들로 인해 하루를 살 수가 없습니다.
지금도 자.살 생각 있습니다.

전남친은 사과는 커녕 저를 스토킹 범죄자로 고소를 했습니다.

스토킹 진술은 끝났고 잠정조치 까지 받은 상태 입니다.

저는 너무 억울 하고, 경찰들은 저를 범죄자 라고 말하며 저를 욕하는데 저는 지속적인 피해자였습니다.
제가 지속적인 피해자였다는 것은 목격자, 증인, 카톡내용, 증거 자료 다 있습니다.

전남친이 저한테 했던 데이트폭력은 오늘 증거 제출과 함께 고소장 썼습니다..

제가 물어보고 싶은 것은
스토킹 처벌이 어떻게 될까요 하……
억울하지만 저는 스토킹 범죄자가 됐습니다.
저는 초범입니다.

긴 글 읽어주셔서 감사합니다.",내용삭제.,1,0,0,https://kin.naver.com/qna/detail.naver?d1id=6&dirId=60214&docId=491007576
2025-12-26 13:32:05,491007576,억울한 스토킹 가해자 초범. 끝까지 읽어주세요,17,"전남친 28살
저는 21살 입니다

스토킹 진술 다 끝났습니다.
전남친에게 카톡과 전화를 3일에 걸쳐 약 300통 했습니다.
(카톡과 전화만 했습니다. 찾아간 적은 없습니다.)

이유는 전남친이 저의 강제로 촬영한 나체 동영상과 21살 저 혼자서 감당하기에 너무 악질적이고 가혹한 특수폭행, 특수상해 당해서 진심어린 사과를 받고 싶었고,
저의 나체 동영상이 지워졌는지 확인차원에서 갤러리 캡처 요구를 원해서 수차례 연락 한 것 입니다.
또한 전남친은 정보통신망 침해행위 저의 인스타를 몰래 영구적으로 삭제 하는 행위 등을 여러차례 하였고,
특수협박과 특수상해도 하였습니다.
그것들 모두 사과 받고 싶었습니다.

전남친이 연락 하지 말라고 했는데도 연락 한 것은 사실입니다.
그치만 제가 정신적으로 너무 힘든 상태라서 사과라도 받고 싶었습니다.
전남친에게 “신고하면 죽여버린다” 라는 협박을 받아 고소를 할 수 없는 상황이였습니다.

신고하면 죽여버린다 라는 협박은 전남친이 저에게 매번 했던 말이라 저는 정신적으로 세뇌 당한 상태였습니다.

강제로 저의 나체 동영상을 찍은 적도 많지만 특수폭행은 정말 만날 때 마다 여러번 당했어서 씻을 때 마다 저의 알몸을 못 볼 정도로 피멍과 흉터들이 저의 온몸에 다 있었습니다.
전남친은 (소주병, 커터칼, 공책, 저의 휴대폰, 면도칼, 돌맹이 등을 이용해 저를 때려왔습니다)

얼굴에도 흉터가 있었습니다.

저는 그로 인해서 자.살 시도까지 했었습니다.
전남친 때문에 정신과도 다니고 있구요.
전남친이 준 트라우마들로 인해 하루를 살 수가 없습니다.
지금도 자.살 생각 있습니다.

전남친은 사과는 커녕 저를 스토킹 범죄자로 고소를 했습니다.

스토킹 진술은 끝났고 잠정조치 까지 받은 상태 입니다.

저는 너무 억울 하고, 경찰들은 저를 범죄자 라고 말하며 저를 욕하는데 저는 지속적인 피해자였습니다.
제가 지속적인 피해자였다는 것은 목격자, 증인, 카톡내용, 증거 자료 다 있습니다.

전남친이 저한테 했던 데이트폭력은 오늘 증거 제출과 함께 고소장 썼습니다..

제가 물어보고 싶은 것은
스토킹 처벌이 어떻게 될까요 하……
억울하지만 저는 스토킹 범죄자가 됐습니다.
저는 초범입니다.

긴 글 읽어주셔서 감사합니다.","안녕하세요. 고양. 파주. 일산. 김포. 스토킹처벌수준.데이트폭력피해.잠정조치대응. 대한변호사협회 인증 형사전문 변호사 이재호 변호사입니다.
◆ 스토킹처벌법상 스토킹범죄는 반복적·지속적 연락으로 상대방에게 공포심 또는 불안감을 유발한 경우 성립할 수 있습니다. 통상적으로 초범은 거의 벌금형이지만 정도가 심하면 징역형에 집행유예가 선고되기도 합니다. 
◆ 질문자님은 오히려 데이트폭력·성폭력의 지속적 피해자로 보이고, 사과 요구 및 불법촬영물 삭제 확인이라는 목적, 협박으로 인한 심리적 강박 상태 등이 소명된다면 책임이 상당 부분 감경될 여지가 큽니다. 향후 잠정조치 위반만 없으면 구속 가능성은 매우 낮습니다.
◆ 이미 별도로 특수폭행·특수상해·불법촬영·협박 등에 대한 고소를 진행하셨다고 했는데, 그 사건의 결과는 스토킹 사건의 정상참작 사유로 아마 참고될 겁니다. 진단서, 자살시도 기록, 정신과 치료기록, 협박 메시지, 촬영 정황은 모두 제출하시기 바랍니다.
위 답변은 실제 구체적인 사실관계에 관한 대면 상담을 거치지 않은 일반적 답변이므로
온라인 상담의 한계상 단순 참조만 하시기 바랍니다. 감사합니다.
고양, 파주, 일산, 김포, 부천 고양지원앞 법률사무소 율민 변호사 이재호, 김광웅 드림.
문의는
https://www.yulminlaw.com/bbs/board.php?bo_table=c_online
블로그는
https://blog.naver.com/yulminlaw",2,0,0,https://kin.naver.com/qna/detail.naver?d1id=6&dirId=60214&docId=491007576
2025-12-26 13:32:08,491007483,STD 검사는 최근 관계가 없어도 받아볼 수 있나요?,7,"최근에는 성관계가 없었지만 예전 관계가 마음에 걸립니다.
STD 검사는 최근 관계가 있어야만 의미가 있는지 궁금합니다.
과거 관계로 인한 감염도 검사로 확인 가능한지 알고 싶습니다.
시간이 많이 지나도 검출되는 감염이 있는지도 궁금합니다.
이미 증상이 사라진 경우에도 검사가 의미가 있는지 걱정됩니다.
현재 상태를 확인하는 용도로도 검사가 도움이 되는지 알고 싶습니다.
검사 시점과 관계 유무의 관계를 알고 싶습니다.","네 받아볼 수 있습니다
답변에 도움이 되셨으면 채택 부탁드립니다!!",1,0,0,https://kin.naver.com/qna/detail.naver?d1id=7&dirId=7011404&docId=491007483
2025-12-26 13:32:10,491007484,항공권 예매 후 회원번호는 어텋게 입력하나요?,10,제가 어머니꺼 항공권 예매후 사전 좌석 지정하려고 하는데 이렇게 뜨는데 어텋게 해야하나요? 해외여행입니다.,혹시 어머니 회원가입하셔도 안되었나여??,1,0,0,https://kin.naver.com/qna/detail.naver?d1id=9&dirId=90207&docId=491007484
2025-12-26 13:32:17,491007574,3d 프린팅 칼 통관에서 걸릴까요?,15,"https://bestpropreplica.com/products/3d-printing-connor-hidden-blade?sku=18068634071064243553593900

3D 프린팅된 히든 블레이드를 구매하려는데
통관에서 걸려 돈날릴까봐 걱정되네요…
날카롭게 연마되지 않았고 휘어지는 소재 (abs 플라스틱)
인데 혹시 통관에서 걸린다면 걸리는 이유,
걸리지 않는다면 걸리지 않는 이유를 알려주실수 있을까요?","안녕하세요
날이 없는 도검류같은경우 별도 허가 받지 않아도 통관이 가능한걸루 압니다.",1,0,0,https://kin.naver.com/qna/detail.naver?d1id=8&dirId=8110103&docId=491007574
2025-12-26 13:32:21,491007552,STD 검사 과정에서 통증이 어느 정도 있나요?,6,"STD 검사를 생각하면 통증이 있을까 봐 망설여집니다.
검사 과정이 많이 아픈 편인지 미리 알고 싶습니다.
소변 검사와 면봉 검사의 체감 차이가 있는지도 궁금합니다.
통증에 민감한 사람도 무리 없이 받을 수 있는 검사인지 알고 싶습니다.
검사 후 통증이나 불편감이 오래 남는 경우도 있는지 걱정됩니다.
일상생활에 지장이 생길 정도는 아닌지도 궁금합니다.
검사 전 마음의 준비를 하고 싶습니다.","STD 검사 과정에서 통증은 일반적으로 경미합니다.
소변 검사는 통증이 없고, 면봉 검사는 약간의 불편감이 있을 수 있습니다.
통증에 민감한 사람도 대부분 무리 없이 받을 수 있습니다.
검사 후 통증이나 불편감은 보통 짧게 지속됩니다.
일상생활에 큰 지장은 없습니다.
마음의 준비를 하시면 도움이 될 것입니다.",1,0,0,https://kin.naver.com/qna/detail.naver?d1id=7&dirId=70107&docId=491007552
2025-12-26 13:32:26,491007571,경희대 태권도는 경희 태권도학과를 나와야지 만들 수 있나요...,10,경희대 태권도는 경희대 태권도학과를 나와야만 만들 수 있나요?,당연...,1,0,0,https://kin.naver.com/qna/detail.naver?d1id=10&dirId=100401&docId=491007571
2025-12-26 13:32:31,491007568,에어비엔비 호스트 메세지 번역,8,"궁금한게 있음 말하라고 호스트에게 메세지가 왔는데요.

번역이 되어 왔는데 제가 한국말로 써도 알아서 번역 되나요?

한국어로 써도 되죠?","만약 그가 이해를 못 했다면, 무슨 말인지 다시 메시지를 보내겠죠.",1,0,0,https://kin.naver.com/qna/detail.naver?d1id=9&dirId=9020604&docId=491007568
2025-12-26 13:32:34,491007495,아시아나항공 캐리어 크기,14,"크기 엄격하게 보나요,,,? 세면합이 158 이라는데
캐리어 택에있는 정보보면 세면합이 총 169 인데 줄자로 재면 160정도로 나오는데 혹시 만약에 검사한다면 어떻게 확인하나요??????????? 31인치 32인치 캐리어 추가금없이 타신분 있나요ㅠㅠㅠㅠ","아시아나항공은 캐리어 크기를 엄격하게 검사합니다. 세면합 158cm를 초과하면 추가 요금이 발생할 수 있습니다. 검사 시 줄자로 측정하거나 기계로 확인할 수 있습니다. 31인치, 32인치 캐리어는 추가 금액 없이 타기 어려울 수 있습니다.",1,0,0,https://kin.naver.com/qna/detail.naver?d1id=8&dirId=80704&docId=491007495
2025-12-26 13:32:38,491007566,갑상선 암 가능성이 있을까요?,13,"자세한 건 사진 첨부 할게요. 월요일에 세침 검사 했습니다 결과는 아직이에요

암 가능성이 있을까요?","첨부하신 초음파 소견을 보면
좌엽에 1.5cm 크기의 고형 결절이 있고
내부에 거대석회화와
경계가 불규칙한 고에코 성분이 관찰되어
K-TIRADS 4, 즉 중간 위험군으로 분류된 상태입니다.
이 단계는 암일 수도 있고 아닐 수도 있는 범주로,
통계적으로는 대략 일부에서만 악성으로 확인됩니다.
그래서 현재처럼 세침흡인검사를 시행하는 것이
정확히 맞는 순서입니다.
이미 필요한 검사는 모두 진행하신 상태이며
결과에 따라 추적관찰로 끝날 수도 있고
추가 검사나 수술을 논의할 수도 있습니다.
지금 소견만으로
암이라고 단정할 단계는 아닙니다.
결과 나올 때까지는
크게 걱정하며 생활을 제한할 필요는 없고
검사 결과를 기준으로
담당 의료진과 차분히 다음 단계를 결정하시면 됩니다.
도움이 되셨다면 채택 부탁드립니다.
감사합니다.",1,0,0,https://kin.naver.com/qna/detail.naver?d1id=7&dirId=70108&docId=491007566
2025-12-26 13:32:50,491007507,아이패드 최신,15,아이패드 에어 제일 최신 모델 뭔가요?,"올해 초에 출시된 
아이패드 에어 11 M3 
아이패드 에어 13 M3 등이 최신모델 입니다.
https://www.apple.com/kr/ipad-air/
iPad Air
iPad Air는 27.6cm 또는 32.8cm Liquid Retina 디스플레이, M3 칩, Apple Intelligence, 12MP Center Stage 전면 카메라를 갖추었으며 Apple Pencil Pro도 지원합니다.
www.apple.com",1,0,0,https://kin.naver.com/qna/detail.naver?d1id=1&dirId=1010701&docId=491007507
2025-12-26 13:32:50,491007507,아이패드 최신,15,아이패드 에어 제일 최신 모델 뭔가요?,아이패드 에어의 최신 모델은 M3칩 모델 입니다.,2,0,0,https://kin.naver.com/qna/detail.naver?d1id=1&dirId=1010701&docId=491007507
2025-12-26 13:32:53,491007530,콧털 깍다가 피 남 대중교통 이용 일상생활 중 공기중에 있는...,16,"콧털 깎이로 콧털깍다가 피가많이 낫어요.

1.지하철이나 대중교통 이용시 공기중에 있는 바이러스가 콧속으로 들어가면 바이러스 질환(사마귀 등)감염되나요?

2. 집에 이불 이나 침구류 옷등에서 먼지나 각질등 이물질 및 미세한 먼지들 바이러스가 공기중에 있는 바이러스가 콧속으로 들어가면 바이러스 질환(사마귀 등)감염되나요?","우리 몸엔 외부 침입 병균들에 대항하는 흰피톨이 있어서 큰 문제는 없겠지만 
상처는 연고를 바르던하여 빨리 아물게해야될겁니다",1,0,0,https://kin.naver.com/qna/detail.naver?d1id=7&dirId=70111&docId=491007530
2025-12-26 13:32:53,491007530,콧털 깍다가 피 남 대중교통 이용 일상생활 중 공기중에 있는...,16,"콧털 깎이로 콧털깍다가 피가많이 낫어요.

1.지하철이나 대중교통 이용시 공기중에 있는 바이러스가 콧속으로 들어가면 바이러스 질환(사마귀 등)감염되나요?

2. 집에 이불 이나 침구류 옷등에서 먼지나 각질등 이물질 및 미세한 먼지들 바이러스가 공기중에 있는 바이러스가 콧속으로 들어가면 바이러스 질환(사마귀 등)감염되나요?","아뇨 그렇지 않아요 
답변에 도움이 되셨으면 채택 부탁드립니다!!",2,0,0,https://kin.naver.com/qna/detail.naver?d1id=7&dirId=70111&docId=491007530
2025-12-26 13:32:58,491007527,경찰조사 이게 뭔가요?,22,저게 뭔가요..?? 저는 아무거도 안했는데.. 파출소에 전화 해보니깐 그냥 차단하라고 하던데 차단해도 되는걸까요?? 아니면 연락 올때까지 기달려야하요..? 파출소에서는 범죄나 조사 받을 없었으면 무시해도 된다고 하긴했는데 이런거 받으니깐 무섭네요.. ㅠㅠ 수사3팀 번호도 뒷자리 1개가 달라서 전화하긴가 무섭네요..,"경찰에서 수사목적으로 누군가의 통신기록을 조회하거나 하면 그걸 그 사람에게 알려줘야 하는게 의무입니다. 그렇게 알려주지 않고 몰래 들여다보면 민주법치국가인 한국에서는 '불법 도청'이니까요. 그렇다고 미리 통보를 하고 들여다보면 혐의자가 증거를 인멸하거나 도주하거나 할 수 있으니 나중에 조회했다는 사실을 통보해주는거죠. 
그러니 저런식으로 '경찰이 수사 목적으로 님 통신기록을 조회했었습니다'하고 통보를 해주는거에요. 다만 이게 바로 '경찰이 조회했었다'고 알려주는게 아니라 몇 달 정도 걸릴 수 있습니다. 그러니 해당 내역도 9월에 조회한게 이제서야 통보된거고....
님이 진짜 아무 짓도 하지 않았다....면 당연히 신경쓸 필요없습니다. 무슨 이유로 경찰이 조회를 한건지는 직접 문의를 해보셔야 겠지만, 님이 진짜 아무 짓도 하지 않았다면 경찰이 통신내역을 조회해봤더라도 딱히 아무것도 없으니 그냥 거기서 끝이겠죠. 
근데 뭔가 한 짓이 있다(온라인 도박이건 토렌트 다운로드건 뭐건)면 저 때 수사한 내용과 수집한 증거를 바탕으로 경찰에서 연락이 올 수도 있고....",1,0,0,https://kin.naver.com/qna/detail.naver?d1id=6&dirId=60215&docId=491007527
2025-12-26 13:32:58,491007527,경찰조사 이게 뭔가요?,22,저게 뭔가요..?? 저는 아무거도 안했는데.. 파출소에 전화 해보니깐 그냥 차단하라고 하던데 차단해도 되는걸까요?? 아니면 연락 올때까지 기달려야하요..? 파출소에서는 범죄나 조사 받을 없었으면 무시해도 된다고 하긴했는데 이런거 받으니깐 무섭네요.. ㅠㅠ 수사3팀 번호도 뒷자리 1개가 달라서 전화하긴가 무섭네요..,"지식인 법률상담 노채은 대표변호사입니다.
최선을 다해 변호 하고 해결하겠습니다
질문자님께서는 본인이 아무런 범죄나 잘못을 저지른 적이 없으나, 경찰조사 관련 연락을 받아 당황하고 불안한 마음을 느끼고 계신 상황으로 보입니다.
▪️ 경찰조사 연락의 의미와 확인 절차
① 경찰조사 연락은 실제로는 수사기관(경찰서, 파출소 등)에서 조사가 필요한 경우에만 공식적으로 진행됩니다.
② 실제 경찰조사라면, 정식 공문 또는 경찰관의 공식 전화번호(관할 경찰서 대표번호 등)로 연락이 오며, 문자 등으로만 안내를 받았다면 사기일 가능성도 배제할 수 없습니다.
③ 경찰서 대표번호로 직접 문의하여 사건번호, 담당 수사관, 조사 사유 등이 명확히 확인되는 경우에만 추가 안내에 따라 응답하는 것이 안전합니다.
▪️ 실제 조사가 필요한 경우 대비 방법
① 만약 본인 명의로 실제로 사건이 접수되어 조사가 필요하다면, 먼저 출석요구서 등 공식 문서를 우편이나 문자, 이메일로 받게 됩니다.
② 이 경우, 신분증, 출석요구서, 사건 관련 자료(본인의 알리바이, 통화기록 등)가 필요합니다.
③ 조사 전, 본인의 권리(진술거부권, 변호인 조력권 등)을 충분히 인지하시고, 불리한 진술을 하지 않도록 유의해야 합니다.
▪️ 불필요한 연락 차단 및 주의사항
① 파출소에서 범죄나 조사 대상이 아니라고 안내받으셨다면, 해당 연락이 사칭 또는 스팸일 가능성이 높으니 차단하셔도 무방합니다.
② 경찰 조사와 무관한 연락의 경우, 응답하거나 개인정보를 제공하지 마시고, 의심스러운 번호는 차단하거나 신고하시는 것이 좋습니다.
▪️ 핵심 포인트
① 실제 경찰조사라면 공식적인 절차와 문서가 반드시 수반되어야 합니다.
② 사칭 연락일 경우, 무시·차단이 안전하며, 본인 정보 유출에 각별히 주의하셔야 합니다.
③ 불안할 경우, 관할 경찰서 공식 대표번호로만 확인 절차를 진행하시는 것이 바람직합니다.
▪️ 질문자님께 드리는 말씀
갑작스러운 연락에 많이 놀라고 불안하셨을 질문자님의 심정이 충분히 이해됩니다. 공식적인 절차와 문서를 통한 연락이 아니라면 차단하셔도 무방하니, 안심하시기 바랍니다. 앞으로도 비슷한 상황이 생기면 반드시 공식 경로를 통해 사실 여부를 확인하신 후 대응하시길 권유드립니다.
억울하고 힘든 법적상황 해결해드리겠습니다.",2,0,0,https://kin.naver.com/qna/detail.naver?d1id=6&dirId=60215&docId=491007527
2025-12-26 13:33:02,491007526,자동차 라이트,17,"사진처럼 한쪽에 주황색 불이 안들어와요.
뭘사야되는지 궁금합니다.
검색할때 뭐라고 해야 하나요?","주황색 불이 잘 들어와 있는거 같은데, 
안들어오신다면 다른 부분에 주황색 불이 있는건가요/??",1,0,0,https://kin.naver.com/qna/detail.naver?d1id=5&dirId=50703&docId=491007526
2025-12-26 13:33:02,491007526,자동차 라이트,17,"사진처럼 한쪽에 주황색 불이 안들어와요.
뭘사야되는지 궁금합니다.
검색할때 뭐라고 해야 하나요?","차종을 보니 소나타로 보이네요
가까운 블루핸즈 혹은 단골카센터가면
무료 또는 몇천원밖에 안들어요
혹은 구매하시려면 햔대부품대리점 가셔서
조수석 깜빡이등 하나 주세요 하시면 됩니다",2,0,0,https://kin.naver.com/qna/detail.naver?d1id=5&dirId=50703&docId=491007526
2025-12-26 13:33:02,491007526,자동차 라이트,17,"사진처럼 한쪽에 주황색 불이 안들어와요.
뭘사야되는지 궁금합니다.
검색할때 뭐라고 해야 하나요?",차종명 좌측 깜박이 램프를 구입하세요,3,0,0,https://kin.naver.com/qna/detail.naver?d1id=5&dirId=50703&docId=491007526
2025-12-26 13:33:10,491007577,헌혈 후 멍,15,"24일에 헌혈하고 저런 상태인데 문제 없는 건가요?
보통 헌혈 후에 생긴 멍은 얼마나 가나요?","헌혈후 지압을 잘못 하여 생긴멍은
2주내 사라 집니다
그러나 그이상. 지속될 때는 전문의를
찿으시기 바랍니다",1,0,0,https://kin.naver.com/qna/detail.naver?d1id=11&dirId=111604&docId=491007577
2025-12-26 13:33:10,491007577,헌혈 후 멍,15,"24일에 헌혈하고 저런 상태인데 문제 없는 건가요?
보통 헌혈 후에 생긴 멍은 얼마나 가나요?",시간 지나면 괜찬아 져요,2,0,0,https://kin.naver.com/qna/detail.naver?d1id=11&dirId=111604&docId=491007577
2025-12-26 13:33:14,491007522,STD 검사는 건강검진과는 다른 개념인가요?,9,"일반 건강검진을 받았는데 STD 검사는 포함되지 않았습니다.
STD 검사가 건강검진과 어떻게 다른 검사인지 궁금합니다.
건강검진으로 성병 여부를 알 수 없는 이유도 알고 싶습니다.
STD 검사는 별도로 받아야 하는 검사인지 헷갈립니다.
검사 목적 자체가 다른 건지도 궁금합니다.
건강검진 결과가 정상이어도 STD 검사가 필요한 경우가 있는지 알고 싶습니다.
두 검사의 차이를 정확히 이해하고 싶습니다.","안녕하세요. 대한의사협회·네이버 지식iN 상담의사 심영진 입니다.
std(Sexually Transmitted Disease)검사의 경우 성을 매개로 전염되는 균 및 바이러스를 확인하는 검사로 일반 건강 검진과는 전혀 다른 개념의 검사 방법입니다
성 행위 경험이 없으면 굳이 추가 검사는 필요치 않지만 의심스러운 성 행위 경험이 있으면 가까운 비뇨의학과 혹은 산부인과에 내원하셔서 추가 검사가 필요할 것으로 사료됩니다
감사합니다",1,0,0,https://kin.naver.com/qna/detail.naver?d1id=7&dirId=70113&docId=491007522
2025-12-26 13:33:14,491007522,STD 검사는 건강검진과는 다른 개념인가요?,9,"일반 건강검진을 받았는데 STD 검사는 포함되지 않았습니다.
STD 검사가 건강검진과 어떻게 다른 검사인지 궁금합니다.
건강검진으로 성병 여부를 알 수 없는 이유도 알고 싶습니다.
STD 검사는 별도로 받아야 하는 검사인지 헷갈립니다.
검사 목적 자체가 다른 건지도 궁금합니다.
건강검진 결과가 정상이어도 STD 검사가 필요한 경우가 있는지 알고 싶습니다.
두 검사의 차이를 정확히 이해하고 싶습니다.","건강검진은 '기본적인 건강(생존)에 위협이 될만한 요소를 미리 찾아내는 검사'입니다. 암 등 치명적인 질병으로 발전해서 생존에 위협이 될만한 질병 등이 있나 찾아내는 검진이죠. 사람이면 누구나 늙어가면서 장기에 이런저런 용종 등이 생기거나 하면서 치명적인 질병으로 발달할 수 있는 질환이 생길 수 있으니 받는거고....
STD는....물론 일부 질병은 목숨을 위협할 수도 있긴 한데 대부분의 경우에는 생명에 위협이 될 정도는 아니고, 애초에 성관계를 갖지 않거나, 갖더라도 일정한 상대(배우자)와만 갖는다면 질병이 자연히 생겨나기 어렵습니다. 암 같은 치명적인 질병은 외부적인 요인 보다는 노화 등으로 인해 우리 몸의 세포들이 잘못 분열하면서 생긴 오류에 의해 자연히 생겨나기에 있는지 없는지 확인을 꼭 해봐야 하지만 성병은 '성관계'외에는 전염될 일이 없고 자연히 생길 일도 없으니 '반드시 해봐야 하는 필수적인 검진'은 아닌거죠. 성관계를 여러 사람과 맺었거나 해서 성병의심이 있는 사람만 따로 받아봐도 되는 '선택적인 검진'이지...
그러니 보통 말하는 '건강검진'에 성병검사는 포함되어 있지 않습니다. 성병이 의심되는 분이라면 별도로 따로 받아야죠...",2,0,0,https://kin.naver.com/qna/detail.naver?d1id=7&dirId=70113&docId=491007522
2025-12-26 13:33:17,491007520,밴드 추천,9,제가 모를만한 안유명한 밴드인데 나만 알고싶을 정도로 노래는 좋은데 안유명한 밴드 추천해주세요 노래랑 밴드명 알려주세요,에로틱웜즈익스히비션,1,0,0,https://kin.naver.com/qna/detail.naver?d1id=3&dirId=30204&docId=491007520
